"","指数代码","名称","最新价","涨跌额","涨跌幅","振幅","成交量","成交额","昨收","今开","最高","最低","5分钟涨跌"
"1","000833","中高企债","206.01","0.60","0.29%","0.10","18203","16834182","205.41","205.92","206.01","205.81","0.00%"
"2","000012","国债指数","178.59","0.44","0.25%","0.14","33746200","331565552","178.15","178.35","178.60","178.35","0.01%"
"3","000013","企债指数","240.00","0.34","0.14%","0.01","12093100","116913734","239.67","240.01","240.01","240.00","0.00%"
"4","000022","沪公司债","203.97","0.27","0.13%","0.01","8409900","81622516","203.71","203.98","203.98","203.97","0.00%"
"5","000923","公司债指","204.44","0.27","0.13%","0.01","112021","108703833","204.16","204.45","204.45","204.43","0.00%"
"6","000101","5年信用","202.15","0.24","0.12%","0.00","526500","5291981","201.91","202.15","202.15","202.15","0.00%"
"7","000061","沪企债30","158.92","0.13","0.08%","0.02","1038100","9987400","158.79","158.94","158.94","158.91","0.00%"
"8","000116","信用100","188.80","0.14","0.07%","0.06","3477900","31571227","188.66","188.84","188.86","188.74","0.00%"
"9","000869","HK银行","2929.29","-2.42","-0.08%","1.60","483648400","3025693216","2931.71","2910.67","2957.51","2910.67","-0.01%"
"10","000867","港中小企","2805.36","-16.29","-0.58%","0.98","516779296","3541661344","2821.65","2808.80","2817.00","2789.43","-0.03%"
"11","000075","医药等权","8246.60","-151.07","-1.80%","2.59","751813904","15539013632","8397.67","8193.19","8405.07","8187.70","-0.34%"
"12","000978","医药100","13553.96","-250.50","-1.81%","2.97","1814167008","38573120000","13804.46","13397.43","13806.90","13397.43","-0.30%"
"13","000121","医药主题","9902.85","-191.19","-1.89%","2.57","933539904","17943644672","10094.04","9859.29","10065.74","9806.23","-0.29%"
"14","000857","500医药","11429.21","-248.39","-2.13%","2.94","939558896","14304644352","11677.60","11328.01","11671.26","11328.01","-0.43%"
"15","000109","380医药","11057.60","-269.24","-2.38%","2.47","476763904","8319865600","11326.84","11028.84","11295.30","11015.06","-0.32%"
"16","000037","上证医药","6532.91","-197.50","-2.93%","3.44","751813904","15539013632","6730.41","6427.05","6658.54","6427.05","-0.31%"
"17","000170","50AH优选","5152.07","-159.01","-2.99%","2.43","1803752208","30690065664","5311.08","5086.16","5212.12","5083.14","-0.13%"
"18","000139","上证转债","310.99","-10.17","-3.17%","2.21","214424800","2466077920","321.16","307.55","311.20","304.10","0.13%"
"19","000991","全指医药","10124.93","-342.04","-3.27%","3.45","3798968304","58378255360","10466.97","9948.79","10309.81","9948.79","-0.28%"
"20","000841","800医药","9964.25","-360.79","-3.49%","3.43","1361658304","25858183936","10325.04","9822.86","10177.15","9822.86","-0.34%"
"21","000832","中证转债","338.10","-12.33","-3.52%","2.24","3850396","4600953344","350.42","335.68","338.25","330.41","0.10%"
"22","000808","医药生物","10306.37","-376.31","-3.52%","3.68","1807393200","38193668352","10682.68","10129.66","10523.21","10129.66","-0.34%"
"23","000933","中证医药","10036.24","-385.80","-3.70%","3.67","1547793200","31270009856","10422.04","9867.32","10249.67","9867.32","-0.33%"
"24","000814","细分医药","9943.98","-392.88","-3.80%","3.79","825612496","22547800064","10336.86","9776.62","10168.15","9776.62","-0.35%"
"25","000863","CS精准医","3205.53","-129.85","-3.89%","4.62","378213904","14343881984","3335.39","3130.17","3284.42","3130.17","-0.41%"
"26","000829","300低贝","4771.19","-226.24","-4.53%","5.54","4135283440","35598639104","4997.43","4668.08","4863.51","4586.49","-0.62%"
"27","000136","180低贝","8395.93","-400.23","-4.55%","5.41","3130981904","26341581824","8796.16","8214.60","8562.85","8086.65","-0.66%"
"28","000913","300医药","10590.64","-508.49","-4.58%","4.30","607374304","16953923584","11099.13","10335.21","10812.58","10335.21","-0.28%"
"29","000103","沪消费品","7913.20","-393.33","-4.74%","2.67","838611696","24205181952","8306.53","7799.30","8021.37","7799.30","-0.18%"
"30","000147","优势消费","6493.49","-335.61","-4.91%","2.43","841020704","24014650112","6829.10","6419.21","6584.82","6419.21","-0.25%"
"31","000011","基金指数","5986.65","-390.04","-6.12%","0.83","8496151552","28283349504","6376.69","6018.60","6039.60","5986.65","-0.09%"
"32","000069","消费80","4599.92","-303.98","-6.20%","3.09","1258177200","30702583040","4903.90","4506.53","4658.12","4506.53","-0.21%"
"33","000917","300公用","1608.85","-110.13","-6.41%","3.32","309463296","1509907920","1718.98","1598.90","1645.70","1588.59","-0.12%"
"34","000977","内地低碳","1150.84","-79.22","-6.44%","3.00","895101104","17170444800","1230.06","1128.33","1165.10","1128.16","-0.21%"
"35","000171","新兴成指","1289.33","-89.05","-6.46%","3.40","1335653008","43135636736","1378.38","1258.72","1305.64","1258.72","-0.16%"
"36","000806","消费服务","8007.30","-574.33","-6.69%","3.03","3383095488","66278029824","8581.63","7861.68","8121.57","7861.68","-0.13%"
"37","000148","消费领先","7783.75","-560.95","-6.72%","2.49","2926022400","52512688128","8344.70","7667.19","7874.60","7667.19","-0.19%"
"38","000096","上证下游","3932.39","-290.74","-6.88%","2.36","2251579296","41058650880","4223.13","3873.24","3972.85","3873.24","-0.15%"
"39","000951","300银行","5727.10","-427.98","-6.95%","3.52","1659709712","12585187072","6155.08","5633.91","5850.45","5633.91","-0.21%"
"40","000134","上证银行","788.83","-58.94","-6.95%","3.48","1607420400","11048001536","847.76","777.18","806.69","777.18","-0.21%"
"41","000125","180稳定","9603.80","-724.65","-7.02%","2.79","4234530896","57431185152","10328.45","9450.75","9739.07","9450.75","-0.15%"
"42","000963","中证下游","5551.77","-421.07","-7.05%","2.73","3616292192","75225235456","5972.84","5462.96","5626.15","5462.96","-0.10%"
"43","000947","内地银行","5884.17","-447.93","-7.07%","3.44","1815518528","13414006016","6332.10","5793.06","6010.58","5793.06","-0.21%"
"44","000958","创业成长","1056.55","-81.23","-7.14%","3.51","446109504","12887021056","1137.78","1032.08","1072.00","1032.08","-0.37%"
"45","000912","300消费","18222.51","-1426.53","-7.26%","2.23","325326192","15322406144","19649.04","17942.64","18364.27","17926.79","-0.12%"
"46","000844","300稳定","4228.77","-331.39","-7.27%","2.82","5591376896","81711742976","4560.16","4160.26","4288.72","4160.26","-0.11%"
"47","000016","上证50","2718.82","-213.67","-7.29%","2.72","3159583104","51353892864","2932.49","2676.01","2755.84","2676.01","-0.13%"
"48","000036","上证消费","9653.45","-760.35","-7.30%","2.53","392208496","12924785408","10413.80","9454.79","9716.71","9453.63","-0.17%"
"49","000812","细分机械","4198.42","-331.18","-7.31%","2.70","891234112","17965466112","4529.60","4117.49","4239.96","4117.49","-0.16%"
"50","000008","综合指数","2640.13","-209.79","-7.36%","2.35","3401438704","38186087680","2849.92","2611.69","2678.60","2611.69","-0.11%"
"51","000028","180成长","3545.83","-282.36","-7.38%","2.59","1702090496","42290685184","3828.19","3486.25","3585.38","3486.25","-0.10%"
"52","000918","300成长","4590.69","-367.99","-7.42%","2.92","2293265808","65484578816","4958.68","4510.62","4655.46","4510.62","-0.10%"
"53","000155","市值百强","2671.66","-215.82","-7.47%","2.47","4811651584","66256780544","2887.48","2634.12","2705.54","2634.12","-0.13%"
"54","000029","180价值","3682.80","-297.85","-7.48%","2.78","3301475504","33894426368","3980.65","3632.62","3743.15","3632.62","-0.17%"
"55","000054","上证海外","1226.36","-99.70","-7.52%","2.36","2866403600","34452410880","1326.06","1210.13","1241.48","1210.13","-0.11%"
"56","000057","全指成长","3813.66","-310.66","-7.53%","2.26","2429291408","50722251776","4124.32","3762.63","3855.74","3762.63","-0.08%"
"57","000064","非周期","2743.75","-223.77","-7.54%","2.10","2280613504","41792319232","2967.52","2708.28","2770.59","2708.28","-0.11%"
"58","000048","责任指数","1344.99","-109.62","-7.54%","2.57","2366043296","36833366016","1454.61","1326.44","1363.86","1326.44","-0.12%"
"59","000149","180红利","3113.32","-254.14","-7.55%","2.59","1824899808","15438373632","3367.46","3068.23","3155.38","3068.23","-0.25%"
"60","000030","180R成长","2138.94","-175.13","-7.57%","2.26","3550770704","63905040640","2314.08","2106.76","2159.16","2106.76","-0.09%"
"61","000055","上证地企","1119.08","-91.73","-7.58%","2.35","1709842096","27952265472","1210.81","1103.78","1132.21","1103.78","-0.18%"
"62","000925","基本面50","3933.29","-324.14","-7.61%","2.76","3336981360","48677440256","4257.43","3878.99","3996.40","3878.99","-0.17%"
"63","000038","上证金融","4994.03","-411.19","-7.61%","2.58","2012539600","26151198976","5405.22","4931.95","5071.60","4931.95","-0.13%"
"64","000056","上证国企","957.45","-78.89","-7.61%","2.17","4433609216","49039148032","1036.35","946.04","968.53","946.04","-0.16%"
"65","000063","上证周期","3098.21","-256.58","-7.65%","2.51","3209611408","36791838976","3354.79","3057.35","3141.68","3057.35","-0.14%"
"66","000920","300R成长","3358.66","-278.83","-7.67%","2.54","5168543744","108240613376","3637.49","3308.11","3400.43","3308.11","-0.07%"
"67","000138","380低贝","4774.24","-397.38","-7.68%","1.31","987128704","10149134848","5171.62","4757.37","4824.90","4757.37","-0.20%"
"68","000052","50基本","2734.26","-227.52","-7.68%","2.75","3159583104","51353892864","2961.78","2699.19","2780.70","2699.19","-0.17%"
"69","000010","上证180","7916.84","-660.86","-7.70%","2.23","6030213888","80032677888","8577.70","7817.08","8008.75","7817.08","-0.12%"
"70","000021","180治理","875.84","-73.03","-7.70%","2.43","3924400096","46444446976","948.86","865.03","888.10","865.03","-0.15%"
"71","000059","全R成长","2766.32","-230.83","-7.70%","1.98","5628515072","84339777536","2997.15","2732.63","2791.90","2732.63","-0.09%"
"72","000903","中证100","3833.29","-319.92","-7.70%","2.58","5476685568","81091702784","4153.21","3778.15","3885.47","3778.15","-0.11%"
"73","000972","300沪市","3318.69","-277.27","-7.71%","2.23","6363802880","81192140800","3595.96","3277.32","3357.46","3277.32","-0.11%"
"74","000891","新兴综指","1175.00","-98.26","-7.72%","1.50","9763224832","136901038080","1273.25","1163.95","1183.01","1163.95","-0.10%"
"75","000919","300价值","4476.97","-374.47","-7.72%","2.67","4826727936","49189111296","4851.44","4414.92","4544.62","4414.92","-0.12%"
"76","000117","380成长","4673.30","-390.79","-7.72%","1.52","771950096","11058179328","5064.09","4634.22","4711.28","4634.22","-0.16%"
"77","000959","银河99","6384.70","-535.39","-7.74%","2.64","5115960320","85727248384","6920.09","6299.43","6482.23","6299.43","-0.13%"
"78","000058","全指价值","3658.03","-307.67","-7.76%","2.44","4724221952","40625693440","3965.70","3613.88","3710.69","3613.88","-0.13%"
"79","000855","央视500","1195.65","-100.75","-7.77%","2.24","11066826752","175815122944","1296.40","1179.90","1208.88","1179.90","-0.12%"
"80","000969","300非周","4162.17","-350.93","-7.78%","2.38","4452238848","84427366400","4513.10","4105.19","4212.68","4105.19","-0.07%"
"81","000131","上证高新","2046.01","-172.68","-7.78%","1.43","336143696","6970247680","2218.69","2024.10","2055.89","2024.10","-0.09%"
"82","000043","超大盘","2249.52","-190.13","-7.79%","2.49","1775351408","33134881280","2439.65","2217.69","2278.48","2217.69","-0.13%"
"83","000042","上证央企","1370.58","-115.79","-7.79%","2.13","2723767008","21086882560","1486.36","1356.65","1388.24","1356.65","-0.14%"
"84","000942","内地消费","8686.99","-734.87","-7.80%","2.72","1317639872","30039628544","9421.86","8540.10","8793.51","8537.25","-0.07%"
"85","000018","180金融","5074.19","-430.45","-7.82%","2.38","2139315600","25953684992","5504.64","5018.09","5149.04","5018.09","-0.12%"
"86","000126","消费50","6894.22","-586.30","-7.84%","2.53","741200208","17962004224","7480.52","6769.07","6958.30","6769.07","-0.14%"
"87","000122","农业主题","1167.65","-99.47","-7.85%","2.14","388351600","6049313792","1267.12","1150.26","1177.37","1150.26","-0.18%"
"88","000818","细分金融","6047.36","-516.08","-7.86%","2.37","2254385632","28064493056","6563.44","5978.06","6133.90","5978.06","-0.12%"
"89","000019","治理指数","941.02","-80.23","-7.86%","2.20","5509868544","58287130112","1021.26","930.83","953.30","930.83","-0.14%"
"90","000946","内地金融","6354.71","-542.09","-7.86%","2.38","2264961488","28184083968","6896.80","6281.78","6445.86","6281.78","-0.12%"
"91","000803","300波动","5973.73","-511.14","-7.88%","2.05","5047126016","50311362560","6484.87","5917.94","6051.20","5917.94","-0.11%"
"92","000119","380R成长","3759.80","-321.71","-7.88%","1.40","1792979808","24215894016","4081.51","3733.48","3790.62","3733.48","-0.18%"
"93","000129","180波动","10917.00","-935.25","-7.89%","1.95","4975890432","60355683840","11852.25","10813.74","11045.13","10813.74","-0.14%"
"94","000114","持续产业","940.12","-80.54","-7.89%","2.01","454636704","4177161248","1020.65","934.12","951.70","931.23","-0.12%"
"95","000159","沪股通","2786.03","-238.52","-7.89%","1.98","9343730432","111865692160","3024.55","2755.74","2815.69","2755.74","-0.12%"
"96","000132","上证100","5116.28","-438.73","-7.90%","1.70","775458608","9490925824","5555.01","5065.76","5160.10","5065.76","-0.18%"
"97","000053","180基本","9792.27","-841.23","-7.91%","2.26","6030213888","80032677888","10633.50","9684.59","9925.32","9684.59","-0.15%"
"98","000047","上证全指","2984.96","-256.59","-7.92%","1.98","9278969856","107881103360","3241.55","2952.00","3016.33","2952.00","-0.12%"
"99","000938","中证民企","1786.54","-153.82","-7.93%","1.55","13238844672","166320046080","1940.36","1768.22","1798.30","1768.22","-0.09%"
"100","000002","A股指数","2870.81","-248.11","-7.95%","1.68","13517355520","151333076992","3118.92","2846.73","2899.08","2846.73","-0.11%"
"101","000017","新综指","2314.75","-200.06","-7.96%","1.68","13121039616","138914353152","2514.81","2295.33","2337.54","2295.33","-0.11%"
"102","000975","钱江30","1270.59","-109.92","-7.96%","2.93","450007232","9561780992","1380.51","1248.57","1288.98","1248.57","-0.08%"
"103","000932","中证消费","14209.78","-1231.05","-7.97%","1.98","534117808","17584648704","15440.83","14005.90","14310.57","14004.72","-0.14%"
"104","000914","300金融","6060.98","-525.69","-7.98%","2.28","2804080704","35222924544","6586.67","5992.47","6142.32","5992.47","-0.11%"
"105","000031","180R价值","2659.01","-230.58","-7.98%","2.22","5149576192","55493327360","2889.59","2631.47","2695.60","2631.47","-0.16%"
"106","000980","中证超大","2983.98","-259.06","-7.99%","2.34","3345035120","53926751232","3243.04","2949.41","3024.57","2948.61","-0.11%"
"107","000847","腾讯济安","1948.47","-169.22","-7.99%","1.04","1375273600","9667327232","2117.69","1941.82","1960.67","1938.55","-0.13%"
"108","000300","沪深300","3683.93","-319.97","-7.99%","2.30","9265088256","137059823616","4003.90","3639.91","3732.16","3639.91","-0.17%"
"109","000956","国企200","1056.54","-91.88","-8.00%","2.04","6193345792","73937997824","1148.41","1044.90","1068.31","1044.90","-0.11%"
"110","000098","上证F200","3941.76","-342.70","-8.00%","2.09","6882664704","73491415040","4284.46","3902.05","3991.58","3902.05","-0.15%"
"111","000090","上证流通","1031.89","-89.76","-8.00%","1.70","13121039616","138914353152","1121.65","1022.24","1041.32","1022.24","-0.11%"
"112","000001","上证指数","2737.78","-238.75","-8.02%","1.68","13653811712","152643829760","2976.53","2716.70","2766.58","2716.70","-0.17%"
"113","000133","上证150","3751.14","-327.52","-8.03%","0.84","557589008","5669360640","4078.66","3748.74","3763.54","3729.17","-0.07%"
"114","000954","地企100","1224.28","-106.93","-8.03%","2.28","2686310272","44693455104","1331.21","1208.69","1239.05","1208.69","-0.12%"
"115","000152","上央红利","1686.38","-147.34","-8.03%","2.02","1850239504","12529723648","1833.72","1671.20","1708.17","1671.20","-0.19%"
"116","000831","500低贝","7639.31","-668.35","-8.04%","1.04","1826616688","16548592384","8307.66","7620.53","7701.58","7615.10","-0.18%"
"117","000974","800金融","5951.78","-520.87","-8.05%","2.21","2652715200","30559733504","6472.65","5889.91","6032.64","5889.91","-0.11%"
"118","000807","食品饮料","16813.72","-1471.72","-8.05%","1.82","287499616","15029910016","18285.44","16562.18","16894.21","16562.18","-0.12%"
"119","000906","中证800","3885.94","-340.00","-8.05%","2.03","14878536448","194564861952","4225.94","3843.32","3929.03","3843.32","-0.11%"
"120","000927","央企100","1509.93","-132.50","-8.07%","1.80","3509075632","29272137216","1642.43","1496.66","1526.20","1496.62","-0.11%"
"121","000968","300周期","3491.60","-306.92","-8.08%","2.21","4718982656","51414660352","3798.51","3450.91","3534.95","3450.91","-0.13%"
"122","000902","中证流通","4349.78","-382.54","-8.08%","1.63","26445265152","305179303936","4732.32","4308.16","4385.29","4308.16","-0.09%"
"123","000957","300运输","1218.61","-107.17","-8.08%","2.29","271795024","4501158400","1325.78","1203.69","1231.79","1201.38","-0.02%"
"124","000004","工业指数","2180.75","-192.08","-8.09%","1.41","7487091968","91736268800","2372.83","2163.28","2196.48","2163.13","-0.10%"
"125","000821","300红利","5212.95","-458.83","-8.09%","2.18","2558709088","26410999040","5671.78","5148.49","5272.41","5148.49","-0.20%"
"126","000939","民企成长","1563.75","-137.84","-8.10%","1.41","2376085312","30416170752","1701.59","1552.22","1576.17","1552.22","-0.07%"
"127","000142","380稳定","5955.42","-525.29","-8.11%","1.57","1839947904","17026941952","6480.71","5914.14","6015.65","5914.14","-0.17%"
"128","000985","中证全指","4124.95","-364.02","-8.11%","1.66","25891405056","302088785920","4488.97","4084.81","4159.20","4084.81","-0.09%"
"129","000911","300可选","5211.15","-459.96","-8.11%","3.49","976836320","14463972352","5671.11","5114.85","5312.37","5114.24","-0.01%"
"130","000060","全R价值","3176.06","-280.21","-8.11%","1.99","7923445504","74243219456","3456.27","3144.32","3213.11","3144.32","-0.14%"
"131","000100","上证F500","4326.40","-382.51","-8.12%","1.91","9887371776","102136328192","4708.91","4286.90","4376.78","4286.90","-0.14%"
"132","000934","中证金融","5771.66","-510.39","-8.12%","2.13","3219543200","37582489856","6282.05","5711.06","5845.16","5711.06","-0.10%"
"133","000964","中证新兴","7532.07","-665.37","-8.12%","1.60","2761969168","48107804928","8197.44","7474.49","7603.78","7472.75","-0.06%"
"134","000050","50等权","2185.18","-193.19","-8.12%","2.17","3159583104","51353892864","2378.37","2158.66","2210.22","2158.66","-0.15%"
"135","000049","上证民企","1771.58","-156.79","-8.13%","1.97","881007696","18939419136","1928.37","1746.56","1784.54","1746.56","-0.10%"
"136","000949","内地农业","5129.13","-453.86","-8.13%","2.69","456828080","8014900992","5582.99","5037.93","5187.12","5037.21","-0.22%"
"137","000965","基本200","4280.90","-379.90","-8.15%","2.18","7774593024","91665031168","4660.80","4234.00","4335.41","4234.00","-0.13%"
"138","000151","上国红利","1081.27","-95.99","-8.15%","1.98","1489288608","9097530880","1177.26","1071.17","1094.49","1071.17","-0.22%"
"139","000940","财富大盘","4554.48","-404.99","-8.17%","2.15","9319336448","108342325248","4959.47","4504.99","4611.69","4504.99","-0.12%"
"140","000921","300R价值","3712.22","-330.43","-8.17%","2.06","7704120832","92021276672","4042.65","3673.65","3756.84","3673.65","-0.12%"
"141","000971","等权90","2667.73","-237.26","-8.17%","2.11","4524634112","89253474304","2904.99","2634.45","2695.70","2634.45","-0.14%"
"142","000026","180资源","2015.98","-179.59","-8.18%","2.36","785719904","5707165952","2195.57","1993.07","2044.99","1993.07","-0.36%"
"143","000162","沪互联+","2469.09","-220.37","-8.19%","0.78","822983600","22417495296","2689.46","2457.64","2478.22","2457.18","-0.05%"
"144","000076","金融等权","4572.23","-408.68","-8.20%","2.24","2012539600","26151198976","4980.91","4532.91","4644.43","4532.91","-0.15%"
"145","000825","央企红利","2374.79","-212.08","-8.20%","1.79","1823689936","12004674048","2586.87","2355.45","2401.78","2355.45","-0.18%"
"146","000005","商业指数","2616.23","-234.14","-8.21%","1.13","823537200","8606618112","2850.37","2607.33","2639.66","2607.33","-0.18%"
"147","000815","细分食品","16617.26","-1485.42","-8.21%","1.74","300438768","14647013376","18102.68","16396.57","16711.44","16396.57","-0.11%"
"148","000093","180分层","8893.49","-796.47","-8.22%","1.52","6030213888","80032677888","9689.96","8820.61","8967.87","8820.61","-0.13%"
"149","000990","全指消费","12430.29","-1114.96","-8.23%","1.74","947697808","22164040448","13545.25","12265.43","12500.68","12265.43","-0.14%"
"150","000981","300分层","4378.19","-392.62","-8.23%","1.77","9167317504","135785467904","4770.81","4337.81","4422.19","4337.81","-0.10%"
"151","000926","中证央企","1638.54","-147.34","-8.25%","1.50","5074999808","41353059584","1785.88","1625.93","1652.64","1625.93","-0.09%"
"152","000111","380信息","6900.81","-620.38","-8.25%","2.22","102439600","2851411504","7521.19","6784.06","6950.76","6784.06","-0.06%"
"153","000992","全指金融","5453.11","-490.80","-8.26%","2.01","3384032304","38429476608","5943.91","5398.87","5518.14","5398.87","-0.11%"
"154","000955","中证国企","1131.49","-101.99","-8.27%","1.57","11667386880","112785571840","1233.48","1121.93","1141.35","1121.93","-0.09%"
"155","000967","基本600","4715.99","-425.59","-8.28%","1.88","12412261120","148677038080","5141.58","4670.97","4767.72","4670.97","-0.11%"
"156","000953","中证地企","1246.71","-112.58","-8.28%","1.64","6592387328","71432511488","1359.29","1235.50","1257.74","1235.50","-0.09%"
"157","000931","中证可选","4546.56","-412.03","-8.31%","2.85","1661898640","20451658752","4958.59","4476.25","4617.45","4475.94","-0.03%"
"158","000908","300能源","1334.23","-120.91","-8.31%","2.73","380903440","2532666976","1455.14","1317.14","1356.90","1317.14","-0.24%"
"159","000901","小康指数","4531.87","-411.93","-8.33%","1.88","3727103696","37879224576","4943.80","4480.14","4573.33","4480.14","-0.13%"
"160","000130","380波动","7836.56","-715.27","-8.36%","1.11","1460007408","9253603840","8551.83","7800.22","7894.97","7800.22","-0.07%"
"161","000062","上证沪企","1891.98","-172.97","-8.38%","2.16","840302704","11494148864","2064.95","1869.50","1914.14","1869.50","-0.24%"
"162","000041","上证公用","1663.54","-152.29","-8.39%","1.69","462932000","2274766384","1815.83","1655.47","1686.23","1655.47","-0.16%"
"163","000846","ESG100","1076.07","-98.59","-8.39%","1.79","4891392000","62959550464","1174.66","1066.41","1087.44","1066.41","-0.11%"
"164","000904","中证200","3794.20","-348.16","-8.40%","1.71","3700905296","54855903232","4142.36","3760.38","3831.30","3760.38","-0.10%"
"165","000035","上证可选","2186.61","-200.54","-8.40%","2.27","622028896","7725740800","2387.15","2155.14","2209.43","2155.14","-0.12%"
"166","000907","中证700","4310.19","-395.93","-8.41%","1.44","9398321408","113430405120","4706.12","4278.84","4346.54","4278.84","-0.11%"
"167","000020","中型综指","983.92","-90.35","-8.41%","0.77","1201021600","15722687488","1074.27","979.43","987.67","979.43","-0.05%"
"168","000905","中证500","4924.12","-453.62","-8.44%","1.19","5705539584","58674167808","5377.74","4896.89","4960.75","4896.89","-0.14%"
"169","000945","内地运输","1333.14","-123.12","-8.45%","1.86","474570320","5304502272","1456.26","1319.73","1345.01","1317.86","-0.03%"
"170","000960","中证龙头","3742.49","-346.50","-8.47%","1.88","4601601536","76973142016","4088.99","3702.89","3779.76","3702.89","-0.10%"
"171","000937","中证公用","1713.29","-158.56","-8.47%","1.67","487035536","2268443904","1871.85","1705.99","1737.18","1705.99","-0.11%"
"172","000982","500等权","5736.65","-531.00","-8.47%","0.93","5704328704","58660800512","6267.65","5713.28","5771.67","5713.28","-0.10%"
"173","000044","上证中盘","3076.52","-284.98","-8.48%","1.33","2870630704","28678784000","3361.50","3055.89","3100.66","3055.89","-0.10%"
"174","000984","300等权","3675.09","-340.40","-8.48%","1.58","9177590784","135947608064","4015.49","3645.48","3708.78","3645.48","-0.08%"
"175","000842","800等权","4856.86","-449.84","-8.48%","1.17","14883130368","194621775872","5306.70","4829.99","4892.16","4829.99","-0.10%"
"176","000009","上证380","4399.92","-408.12","-8.49%","1.13","2987581008","30293462784","4808.04","4378.11","4432.31","4378.11","-0.14%"
"177","000153","上民红利","2027.35","-188.23","-8.50%","0.88","349420608","2846367248","2215.58","2026.45","2038.65","2019.24","-0.05%"
"178","000839","浙企综指","5943.06","-552.57","-8.51%","1.69","2443868592","31315297536","6495.63","5885.61","5995.16","5885.61","-0.08%"
"179","000970","ESG40","1205.65","-112.28","-8.52%","1.73","2059902928","18009620992","1317.93","1194.39","1217.14","1194.39","-0.16%"
"180","000033","上证材料","1763.62","-164.41","-8.53%","1.71","1632953296","10306893568","1928.03","1744.65","1777.21","1744.24","-0.07%"
"181","000066","上证商品","1451.31","-135.70","-8.55%","1.63","1504888496","10090238720","1587.01","1439.67","1465.51","1439.67","-0.23%"
"182","000046","上证中小","3336.29","-313.21","-8.58%","1.21","6123073280","56567163392","3649.50","3316.37","3360.51","3316.37","-0.11%"
"183","000092","资源50","2072.97","-194.52","-8.58%","1.59","1324303408","9905726976","2267.49","2055.58","2091.58","2055.58","-0.17%"
"184","000928","中证能源","1542.00","-145.00","-8.59%","2.12","614207808","3797159680","1687.00","1529.38","1565.14","1529.38","-0.29%"
"185","000852","中证1000","5209.52","-489.49","-8.59%","0.84","5946139648","57022105088","5699.01","5180.59","5227.07","5179.26","-0.06%"
"186","000909","300材料","1905.68","-179.13","-8.59%","1.96","1370836560","10817675520","2084.81","1882.24","1922.12","1881.18","-0.12%"
"187","000094","上证上游","1693.18","-159.14","-8.59%","1.71","1416546704","8736817152","1852.32","1681.68","1713.42","1681.68","-0.26%"
"188","000065","上证龙头","2952.31","-277.50","-8.59%","1.61","2818954608","49732733440","3229.81","2926.09","2978.20","2926.09","-0.12%"
"189","000802","500沪市","4962.80","-467.75","-8.61%","1.05","2579061504","23668144640","5430.55","4938.67","4995.81","4938.67","-0.13%"
"190","000950","300基建","1596.97","-150.83","-8.63%","1.66","1143969504","7824301568","1747.80","1589.69","1618.75","1589.69","-0.09%"
"191","000840","浙江民企","6700.30","-632.99","-8.63%","1.44","1840259872","24779677696","7333.29","6644.06","6749.51","6644.06","-0.07%"
"192","000115","380等权","5662.42","-535.61","-8.64%","0.91","2987581008","30293462784","6198.03","5636.54","5692.81","5636.54","-0.10%"
"193","000161","沪中国造","1506.59","-142.63","-8.65%","0.71","1531956496","20860500480","1649.22","1502.53","1512.40","1500.64","-0.07%"
"194","000989","全指可选","4164.70","-394.64","-8.66%","1.95","3190674304","32653826048","4559.34","4119.45","4208.51","4119.45","-0.05%"
"195","000961","中证上游","1968.13","-186.58","-8.66%","1.65","1635960064","11395949056","2154.71","1955.71","1991.24","1955.71","-0.24%"
"196","000943","内地基建","1498.24","-142.29","-8.67%","1.50","1300883824","8514794240","1640.53","1492.05","1516.71","1492.05","-0.08%"
"197","000051","180等权","7453.24","-707.67","-8.67%","1.29","6030213888","80032677888","8160.91","7403.94","7509.12","7403.94","-0.09%"
"198","000025","180基建","1454.22","-138.02","-8.67%","1.71","966446096","6860617728","1592.24","1447.28","1474.54","1447.28","-0.10%"
"199","000804","500波动","9039.52","-858.91","-8.68%","0.71","1576074800","9106193920","9898.43","9033.52","9091.77","9021.87","-0.05%"
"200","000966","基本400","5442.17","-518.12","-8.69%","0.93","4642330112","57075960320","5960.29","5415.55","5471.15","5415.55","-0.06%"
"201","000015","红利指数","2426.87","-231.01","-8.69%","1.42","1899934704","14195146752","2657.88","2408.48","2446.10","2408.48","-0.15%"
"202","000952","300地产","8030.15","-764.79","-8.70%","2.00","412742880","6114468864","8794.94","7930.02","8106.34","7930.02","-0.15%"
"203","000073","可选等权","2111.63","-201.17","-8.70%","1.42","622028896","7725740800","2312.80","2091.74","2124.19","2091.29","-0.08%"
"204","000944","内地资源","2018.61","-192.56","-8.71%","1.65","1582460304","10705368064","2211.17","2005.13","2041.51","2005.13","-0.29%"
"205","000045","上证小盘","3591.49","-343.08","-8.72%","1.05","3252442608","27888379648","3934.57","3573.52","3614.91","3573.52","-0.12%"
"206","000068","上证资源","1528.65","-146.05","-8.72%","1.38","1424533600","8870309888","1674.70","1520.65","1543.66","1520.54","-0.21%"
"207","000145","优势资源","2796.22","-267.38","-8.73%","1.30","1152032304","7625516800","3063.60","2783.59","2818.67","2778.88","-0.19%"
"208","000801","资源80","2353.73","-225.80","-8.75%","1.59","2076264144","14924587520","2579.53","2335.77","2376.91","2335.77","-0.15%"
"209","000091","沪财中小","7279.93","-698.51","-8.75%","0.79","1469244000","15838123264","7978.44","7254.99","7312.12","7249.45","-0.06%"
"210","000860","结构调整","858.54","-82.40","-8.76%","1.14","2397783504","20964944384","940.93","854.30","864.97","854.26","-0.05%"
"211","000849","300非银","9754.45","-937.02","-8.76%","1.50","727579600","16475157504","10691.47","9692.86","9853.40","9692.86","-0.02%"
"212","000865","上海国企","1355.76","-130.25","-8.77%","1.74","739718896","9576329472","1486.01","1342.42","1368.31","1342.42","-0.18%"
"213","000929","中证材料","2268.71","-218.34","-8.78%","1.57","2661127568","18422235904","2487.05","2247.48","2286.57","2247.48","-0.12%"
"214","000988","全指工业","2639.03","-253.88","-8.78%","1.19","4298536960","45771270912","2892.91","2618.22","2652.20","2617.88","-0.08%"
"215","000823","800有色","3469.50","-334.26","-8.79%","1.57","1083060096","7924984320","3803.76","3453.68","3506.50","3446.81","-0.24%"
"216","000099","上证F300","5509.95","-531.63","-8.80%","0.93","3004707008","28644913152","6041.58","5488.13","5544.33","5488.13","-0.08%"
"217","000810","细分能源","1453.97","-140.32","-8.80%","1.80","819157200","4579553024","1594.29","1443.52","1472.16","1443.50","-0.18%"
"218","000811","细分有色","3799.88","-366.83","-8.80%","1.62","1096330704","9139145216","4166.71","3772.21","3836.29","3768.59","-0.22%"
"219","000995","全指公用","1742.44","-168.29","-8.81%","1.22","684319296","3288572304","1910.73","1736.24","1759.46","1736.24","-0.08%"
"220","000858","500信息","7624.51","-736.26","-8.81%","1.37","723253504","11595454720","8360.77","7555.18","7669.65","7555.18","-0.04%"
"221","000074","消费等权","6373.97","-616.84","-8.82%","1.35","391990096","12918839808","6990.81","6315.23","6405.91","6311.62","-0.13%"
"222","000983","智能资产","9247.36","-894.14","-8.82%","0.77","1131412000","18219258880","10141.50","9203.22","9279.89","9201.34","-0.06%"
"223","000935","中证信息","4742.98","-459.79","-8.84%","1.84","1406468000","30108481280","5202.77","4695.93","4791.67","4695.93","-0.03%"
"224","000915","300信息","2384.84","-231.51","-8.85%","2.17","682477488","18492774144","2616.35","2359.55","2416.27","2359.55","-0.04%"
"225","000032","上证能源","1089.19","-106.05","-8.87%","1.99","674962704","3516211664","1195.24","1080.15","1103.94","1080.15","-0.24%"
"226","000128","380基本","5257.25","-511.65","-8.87%","0.83","2987581008","30293462784","5768.90","5244.64","5292.27","5244.64","-0.08%"
"227","000819","有色金属","3410.12","-332.78","-8.89%","1.61","1248409808","9494039552","3742.90","3385.88","3444.41","3384.22","-0.26%"
"228","000998","中证TMT","2001.70","-196.23","-8.93%","1.49","2038393408","37429425152","2197.93","1983.73","2016.51","1983.73","-0.06%"
"229","000141","380动态","2977.65","-292.49","-8.94%","0.90","1147300400","13262548224","3270.14","2969.67","2992.23","2962.68","-0.08%"
"230","000986","全指能源","1372.41","-134.88","-8.95%","1.57","821586096","4646726144","1507.29","1364.21","1387.85","1364.21","-0.22%"
"231","000987","全指材料","2460.45","-241.83","-8.95%","1.20","4060800800","29638857728","2702.28","2442.15","2474.60","2442.15","-0.09%"
"232","000102","沪投资品","3584.44","-352.70","-8.96%","1.27","1305494000","10974581504","3937.14","3563.88","3613.92","3563.83","-0.16%"
"233","000824","国企红利","1464.08","-144.20","-8.97%","1.30","2970712672","24795524608","1608.28","1455.13","1475.96","1455.13","-0.12%"
"234","000067","上证新兴","6721.46","-662.95","-8.98%","0.96","1150822400","20913322752","7384.41","6690.79","6761.48","6690.79","-0.03%"
"235","000813","细分化工","2517.05","-248.53","-8.99%","1.63","619036144","5372097280","2765.58","2491.50","2536.72","2491.50","-0.07%"
"236","000922","中证红利","3929.64","-388.40","-8.99%","1.29","2860066512","28037068800","4318.04","3901.66","3957.22","3901.66","-0.10%"
"237","000851","百发100","15512.14","-1536.03","-9.01%","1.41","1329975504","31851689984","17048.17","15376.06","15616.26","15376.06","-0.10%"
"238","000854","500原料","3352.76","-332.28","-9.02%","1.19","1290603008","7607757568","3685.04","3333.82","3377.49","3333.82","-0.14%"
"239","000827","中证环保","1209.39","-119.84","-9.02%","1.13","1316696304","21522737152","1329.23","1202.66","1216.98","1202.00","-0.16%"
"240","000809","细分农业","5447.05","-543.28","-9.07%","1.42","273146256","4658907904","5990.33","5392.82","5477.61","5392.64","-0.16%"
"241","000120","380R价值","5167.75","-515.31","-9.07%","0.91","2500677104","20935566080","5683.06","5152.38","5204.27","5152.38","-0.10%"
"242","000993","全指信息","5883.29","-588.14","-9.09%","1.32","2422022096","44703305472","6471.43","5838.54","5924.19","5838.54","-0.03%"
"243","000838","创业价值","1476.28","-147.62","-9.09%","0.50","841971632","5153798912","1623.90","1472.94","1480.44","1472.39","-0.02%"
"244","000994","全指电信","5720.07","-571.98","-9.09%","1.06","602551008","9812804096","6292.05","5676.57","5743.05","5676.57","0.00%"
"245","000843","300动态","2806.31","-281.31","-9.11%","1.35","3575940624","54073724416","3087.62","2788.64","2830.37","2788.64","-0.07%"
"246","000071","材料等权","2454.00","-246.05","-9.11%","0.99","1631903808","10300079616","2700.05","2444.12","2466.85","2440.13","-0.04%"
"247","000979","大宗商品","3275.06","-329.08","-9.13%","1.06","2178159984","16994565888","3604.14","3265.81","3298.65","3260.35","-0.10%"
"248","000108","380消费","8797.44","-883.70","-9.13%","1.48","135693900","1794363920","9681.14","8725.59","8862.96","8719.55","-0.16%"
"249","000107","380可选","3855.33","-387.79","-9.14%","1.00","243030400","3197062912","4243.12","3837.66","3873.96","3831.66","-0.16%"
"250","000006","地产指数","6069.27","-611.72","-9.16%","1.59","454478400","3825127840","6680.99","6032.23","6138.14","6031.59","-0.03%"
"251","000910","300工业","1974.56","-199.31","-9.17%","1.53","1398261136","15429600512","2173.87","1961.23","1994.07","1960.74","-0.03%"
"252","000820","煤炭指数","1883.91","-190.20","-9.17%","1.34","408932576","2531119472","2074.11","1868.18","1895.96","1868.18","-0.08%"
"253","000077","信息等权","4812.94","-486.21","-9.18%","0.96","247891200","7984529152","5299.15","4772.31","4823.34","4772.31","-0.03%"
"254","000948","内地地产","5725.44","-579.72","-9.19%","1.29","563610304","6984038656","6305.16","5683.94","5765.07","5683.94","-0.09%"
"255","000095","上证中游","2439.33","-247.17","-9.20%","1.27","2645138000","26241184768","2686.49","2419.05","2453.19","2419.05","-0.07%"
"256","000816","细分地产","5336.06","-541.33","-9.21%","1.25","631410608","7290869504","5877.39","5297.80","5371.01","5297.80","-0.09%"
"257","000853","CSSW丝路","1474.33","-150.05","-9.24%","1.22","2333454000","19695010816","1624.38","1465.53","1485.38","1465.53","-0.05%"
"258","000113","380公用","1729.42","-176.07","-9.24%","1.01","165188800","849097984","1905.49","1722.92","1742.23","1722.92","-0.17%"
"259","000962","中证中游","2882.09","-293.67","-9.25%","1.33","4223153616","53450390528","3175.76","2860.56","2902.78","2860.56","-0.08%"
"260","000027","180运输","898.65","-91.87","-9.27%","1.10","156265300","2780588784","990.52","894.03","904.91","894.03","-0.16%"
"261","000158","上证环保","1110.55","-113.43","-9.27%","1.06","476623696","5405899008","1223.98","1104.02","1117.00","1104.02","-0.13%"
"262","000830","500高贝","3877.23","-396.12","-9.27%","0.82","1370302720","18521490944","4273.35","3856.56","3891.80","3856.56","-0.06%"
"263","000805","A股资源","3262.72","-333.16","-9.27%","0.99","1586316896","11133341696","3595.88","3252.82","3288.60","3252.82","-0.18%"
"264","000930","中证工业","2406.97","-246.50","-9.29%","1.26","2392329664","26133438208","2653.47","2392.29","2425.54","2391.98","-0.08%"
"265","000007","公用指数","4230.22","-434.13","-9.31%","1.04","1386263296","9180015104","4664.35","4208.88","4257.38","4208.88","-0.12%"
"266","000941","新能源","1350.42","-139.23","-9.35%","1.47","838692928","12476664576","1489.65","1341.26","1363.15","1341.26","-0.24%"
"267","000105","380材料","3196.79","-329.74","-9.35%","0.91","650277504","3441077520","3526.53","3194.76","3217.38","3185.45","-0.05%"
"268","000079","公用等权","1653.45","-170.83","-9.36%","0.78","463689600","2286304640","1824.28","1650.01","1664.26","1650.01","-0.09%"
"269","000137","380高贝","3944.92","-408.70","-9.39%","0.56","477077296","7392109056","4353.62","3931.17","3955.74","3931.17","-0.04%"
"270","000106","380工业","4062.92","-420.94","-9.39%","1.20","759677008","5843275264","4483.86","4038.78","4092.65","4038.78","-0.19%"
"271","000160","沪新丝路","1180.07","-122.78","-9.42%","1.25","1815311808","13546895360","1302.84","1174.45","1190.75","1174.45","-0.08%"
"272","000826","民企红利","3103.67","-323.92","-9.45%","1.00","339779648","5530170880","3427.59","3085.61","3120.02","3085.61","-0.04%"
"273","000146","优势制造","5075.85","-529.72","-9.45%","0.98","608397008","7538020608","5605.57","5047.78","5102.77","5047.78","-0.18%"
"274","000039","上证信息","4047.32","-422.34","-9.45%","0.80","247934000","7986483456","4469.66","4023.61","4059.46","4023.61","-0.03%"
"275","000003","B股指数","225.06","-23.52","-9.46%","0.68","36665400","208679037","248.58","224.21","225.87","224.18","-0.04%"
"276","000118","380价值","6100.12","-638.40","-9.47%","0.79","1479647504","7777851392","6738.52","6089.13","6142.13","6089.13","-0.08%"
"277","000123","180动态","6126.70","-640.53","-9.47%","0.85","1795682896","22601491712","6767.23","6103.19","6160.60","6103.19","-0.05%"
"278","000856","500工业","3847.51","-403.15","-9.48%","1.02","994282896","10706460928","4250.66","3828.06","3871.39","3827.98","-0.15%"
"279","000828","300高贝","2627.04","-276.53","-9.52%","0.92","2417202704","53859791616","2903.57","2615.24","2641.83","2615.24","-0.03%"
"280","000034","上证工业","1810.34","-191.52","-9.57%","1.24","1175026096","11905586688","2001.86","1803.33","1828.16","1803.33","-0.09%"
"281","000150","380红利","7232.12","-765.27","-9.57%","0.71","228754700","1482738528","7997.39","7213.29","7269.83","7213.29","-0.08%"
"282","000097","高端装备","5763.75","-615.22","-9.64%","0.57","582449200","7167043840","6378.97","5751.04","5786.46","5750.40","-0.11%"
"283","000135","180高贝","5775.86","-617.10","-9.65%","0.63","1348682800","27040906240","6392.96","5758.22","5798.54","5758.22","0.00%"
"284","000070","能源等权","1558.72","-166.90","-9.67%","0.87","674759696","3515110624","1725.62","1555.08","1570.09","1555.04","-0.04%"
"285","000072","工业等权","2295.28","-247.25","-9.72%","0.73","1175026096","11905586688","2542.54","2289.90","2308.36","2289.90","-0.05%"
"286","000822","500红利","6497.64","-707.97","-9.83%","0.58","429935472","2857954896","7205.61","6494.04","6530.82","6489.35","-0.01%"
"287","000110","380金融","2996.07","-329.99","-9.92%","0.60","194103800","1125951744","3326.06","2995.85","3013.31","2993.39","0.01%"
"288","000078","电信等权","2377.63","-262.04","-9.93%","0.25","251750100","3338528480","2639.68","2376.00","2382.67","2376.00","0.00%"
"289","000112","380电信","5514.96","-608.33","-9.93%","1.08","30271500","1927729808","6123.29","5510.75","5577.04","5510.75","-0.01%"
"290","000916","300电信","2741.50","-302.86","-9.95%","0.77","316887856","5123025408","3044.36","2740.22","2763.57","2740.22","-0.03%"
"291","000104","380能源","865.00","-95.72","-9.96%","0.84","230134100","943554880","960.72","865.07","873.05","865.00","0.00%"
"292","000040","上证电信","2951.15","-326.54","-9.96%","0.42","251736100","3338380192","3277.69","2950.24","2964.17","2950.24","0.00%"
"293","000936","中证电信","4918.73","-544.51","-9.97%","0.48","352561792","6945754624","5463.24","4917.51","4943.67","4917.51","-0.01%"
"294","000850","300有色","-","-","-","-","-","-","2496.30","-","-","-","-"
"295","480013","湾区医药R","2361.94","16.78","0.72%","3.54","2749203","7126180352","2345.16","2335.23","2401.76","2318.63","-0.47%"
"296","980013","湾区医药","2219.97","15.77","0.72%","3.54","2749203","7126180352","2204.20","2194.86","2257.40","2179.26","-0.47%"
"297","399299","深信中低","189.09","0.36","0.19%","0.02","153340","14394113","188.73","189.08","189.09","189.05","0.00%"
"298","399302","深公司债","179.55","0.29","0.16%","0.03","282470","27381192","179.25","179.52","179.55","179.49","0.01%"
"299","399301","深信用债","175.68","0.26","0.15%","0.02","282470","27381192","175.42","175.66","175.68","175.64","0.01%"
"300","399298","深信中高","172.70","0.25","0.15%","0.02","279160","27050192","172.45","172.68","172.70","172.66","0.01%"
"301","399481","企债指数","128.17","0.00","0.00%","0.00","1170741","116531586","128.17","128.17","128.17","128.16","0.00%"
"302","480014","湾区医药R（港币）","2129.05","-6.21","-0.29%","3.39","2749203","7901935616","2135.26","2125.57","2166.66","2094.27","-0.46%"
"303","980014","湾区医药（港币）","2001.08","-5.83","-0.29%","3.39","2749203","7901935616","2006.91","1997.81","2036.43","1968.39","-0.46%"
"304","399676","深医药EW","2677.20","-41.37","-1.52%","2.96","2599582464","37986919168","2718.57","2646.88","2706.05","2625.68","-0.16%"
"305","399441","生物医药","3322.48","-72.06","-2.12%","3.97","432738592","12489340160","3394.54","3269.65","3399.57","3264.96","-0.37%"
"306","399993","CSWD生科","3185.17","-83.72","-2.56%","3.92","469640640","13893616640","3268.89","3129.11","3256.58","3128.55","-0.34%"
"307","399674","深A医药","2134.24","-69.61","-3.16%","3.25","2599582464","37986919168","2203.85","2106.26","2177.80","2106.26","-0.37%"
"308","399989","中证医疗","9358.82","-313.01","-3.24%","5.04","431100464","13304995584","9671.83","9073.39","9557.15","9070.17","-0.27%"
"309","399386","1000医药","6927.16","-245.93","-3.43%","3.85","1874355360","38737662208","7173.08","6803.53","7079.38","6803.53","-0.40%"
"310","399685","深成医药","2164.59","-78.14","-3.48%","3.85","1186830752","23503179520","2242.73","2129.67","2215.95","2129.67","-0.46%"
"311","399413","国证转债","126.21","-4.68","-3.58%","2.21","39455831","4721752320","130.89","125.42","126.29","123.40","0.10%"
"312","399678","深次新股","955.56","-35.60","-3.59%","4.31","229551222","9439239168","991.16","928.76","970.53","927.85","-0.26%"
"313","399394","国证医药","10504.38","-412.57","-3.78%","3.96","1310237744","32728496128","10916.95","10314.86","10747.31","10314.86","-0.41%"
"314","399933","中证医药","10028.38","-393.66","-3.78%","3.67","1555892800","31421389312","10422.04","9867.32","10249.67","9867.32","-0.42%"
"315","399618","深证医药","10813.46","-430.00","-3.82%","3.90","853017440","20922724096","11243.45","10643.17","11081.57","10643.17","-0.47%"
"316","399647","深医药50","10629.96","-424.91","-3.84%","3.72","869856448","20674733568","11054.87","10478.79","10889.88","10478.79","-0.47%"
"317","480003","湾区综指R","2825.12","-126.20","-4.28%","5.54","36539417","67224155392","2951.32","2791.54","2951.61","2788.01","-0.06%"
"318","980003","湾区综指","2436.60","-109.26","-4.29%","5.54","36539417","67224155392","2545.86","2407.63","2545.69","2404.59","-0.06%"
"319","399290","深转交债","124.78","-5.63","-4.31%","3.07","11262587","1437079136","130.41","125.40","125.40","121.39","-0.08%"
"320","399307","深证转债","224.00","-10.90","-4.64%","3.08","17638071","2212754688","234.91","225.41","225.41","218.18","-0.09%"
"321","480001","湾创100R","1311.03","-63.79","-4.64%","6.20","17125870","50596298496","1374.82","1291.17","1375.48","1290.19","-0.07%"
"322","980001","湾创100","1241.59","-60.42","-4.64%","6.20","17125870","50596298496","1302.01","1222.79","1302.63","1221.86","-0.07%"
"323","399913","300医药","10582.79","-516.34","-4.65%","4.30","610200896","17029685760","11099.13","10335.21","10812.58","10335.21","-0.40%"
"324","480023","南山50R","2608.49","-133.25","-4.86%","6.41","4289271","12534329344","2741.74","2577.97","2743.60","2567.85","-0.12%"
"325","980023","南山50","2364.51","-120.78","-4.86%","6.41","4289271","12534329344","2485.29","2336.84","2486.98","2327.67","-0.12%"
"326","399295","创业蓝筹","4074.33","-212.12","-4.95%","4.20","840866752","21075788544","4286.45","3955.46","4135.55","3955.46","-0.28%"
"327","399361","国证商业","4664.50","-244.29","-4.98%","2.73","593150576","7462088704","4908.79","4600.46","4734.48","4600.46","-0.34%"
"328","480004","湾区综指R(港币)","2546.56","-140.60","-5.23%","6.03","36539417","74542129152","2687.16","2540.91","2686.61","2524.54","-0.06%"
"329","980004","湾区综指(港币)","2196.34","-121.65","-5.25%","6.03","36539417","74542129152","2317.99","2191.47","2317.13","2177.36","-0.06%"
"330","399667","创业板G","2688.27","-150.85","-5.31%","3.58","769096800","21220152064","2839.12","2619.68","2721.41","2619.68","-0.25%"
"331","399243","科研指数","1729.74","-98.35","-5.38%","2.84","95109722","2880606608","1828.09","1697.27","1741.47","1689.63","-0.12%"
"332","399673","创业板50","1537.48","-89.13","-5.48%","3.85","789940336","23384916736","1626.61","1496.79","1559.39","1496.79","-0.31%"
"333","980002","湾创100(港币)","1198.41","-70.99","-5.59%","6.56","17125870","56104189440","1269.41","1191.81","1269.63","1186.41","-0.06%"
"334","480002","湾创100R(港币)","1264.46","-74.91","-5.59%","6.56","17125870","56104189440","1339.37","1257.50","1339.61","1251.79","-0.06%"
"335","399643","创业新兴","2059.56","-126.03","-5.77%","3.46","1281138176","31205066752","2185.59","2009.77","2085.31","2009.77","-0.28%"
"336","399293","创业大盘","3332.43","-205.35","-5.80%","3.63","666809920","22962059520","3537.78","3246.10","3374.64","3246.10","-0.30%"
"337","980024","南山50(港币)","2131.36","-131.48","-5.81%","7.17","4289271","13898797312","2262.84","2127.04","2263.69","2101.34","-0.11%"
"338","480024","南山50R(港币)","2351.29","-145.04","-5.81%","7.17","4289271","13898797312","2496.33","2346.52","2497.27","2318.17","-0.11%"
"339","399294","中小创Q","2644.24","-166.00","-5.91%","3.58","950753072","23906942208","2810.24","2576.85","2677.32","2576.85","-0.17%"
"340","399606","创业板R","1909.41","-124.34","-6.11%","3.20","1373821584","33012597760","2033.75","1866.45","1931.49","1866.45","-0.27%"
"341","399103","乐富指数","5999.95","-396.83","-6.20%","1.24","3674752768","4935790336","6396.78","5990.69","6053.19","5973.73","-0.21%"
"342","399006","创业板指","1807.85","-119.89","-6.22%","3.20","3739304032","56966367232","1927.74","1769.16","1830.81","1769.16","-0.34%"
"343","399812","养老产业","7114.61","-480.88","-6.33%","2.59","1715961312","40581944320","7595.49","7035.36","7230.02","7033.56","-0.23%"
"344","399237","运输指数","986.26","-69.36","-6.57%","3.66","111038920","1568710512","1055.62","969.71","1002.79","964.19","0.32%"
"345","399804","中证体育","1832.14","-128.98","-6.58%","4.07","227175859","5407900416","1961.12","1787.95","1867.68","1787.95","0.10%"
"346","399326","成长40","4972.88","-352.03","-6.61%","3.99","552330160","15384890880","5324.91","4889.47","5102.18","4889.47","-0.20%"
"347","399306","深证ETF","1185.43","-85.60","-6.73%","1.61","2227570416","3557206224","1271.03","1183.14","1200.49","1179.97","-0.27%"
"348","399297","新浪100","2801.43","-204.83","-6.81%","1.10","964936048","5382499584","3006.26","2792.71","2813.90","2780.85","-0.04%"
"349","399635","创业板EW","1737.64","-127.71","-6.85%","2.49","1373821584","33012597760","1865.35","1707.92","1754.39","1707.92","-0.20%"
"350","399692","创业低波","2344.75","-173.42","-6.89%","1.78","889345072","21772612864","2518.16","2317.52","2362.27","2317.52","-0.14%"
"351","399391","投资时钟","2609.11","-193.52","-6.90%","3.00","2195468848","38511196672","2802.63","2555.39","2639.35","2555.39","-0.08%"
"352","399550","央视50","6815.61","-505.74","-6.91%","3.39","1629959552","48401779712","7321.35","6669.65","6917.69","6669.65","-0.15%"
"353","399682","深成工业","962.90","-71.77","-6.94%","2.91","831931088","15994333440","1034.67","943.14","973.10","942.96","-0.07%"
"354","399431","国证银行","6113.89","-457.76","-6.97%","3.60","1723215952","12974269440","6571.65","6016.94","6253.21","6016.94","-0.25%"
"355","399976","CS新能车","2120.59","-159.59","-7.00%","4.58","499791120","15396555776","2280.18","2069.02","2173.47","2069.02","-0.66%"
"356","399310","国证50","5882.18","-444.28","-7.02%","2.94","3382776832","62598139904","6326.46","5781.85","5967.97","5781.85","-0.13%"
"357","399012","创业300","2574.77","-194.55","-7.03%","2.39","2356268544","43648496640","2769.32","2530.93","2597.20","2530.93","-0.21%"
"358","399640","创业基础","1661.31","-126.00","-7.05%","2.22","2894648896","48290518016","1787.31","1634.87","1674.59","1634.87","-0.19%"
"359","399555","央视责任","4297.60","-325.96","-7.05%","3.13","1802212944","31398760192","4623.56","4217.74","4362.61","4217.74","-0.20%"
"360","399362","民企100","5830.30","-444.31","-7.08%","3.11","2155863808","49831879680","6274.60","5714.37","5909.78","5714.37","-0.17%"
"361","399296","创成长","3332.78","-253.99","-7.08%","3.55","472647552","15718511360","3586.76","3258.78","3386.13","3258.78","-0.33%"
"362","399611","中创100R","2000.56","-152.71","-7.09%","2.86","1769662592","47595584512","2153.27","1965.94","2027.53","1965.94","-0.18%"
"363","399612","中创100","1812.93","-138.39","-7.09%","2.86","1769662592","47595584512","1951.32","1781.56","1837.38","1781.56","-0.18%"
"364","399322","国证治理","8003.88","-610.65","-7.09%","3.01","2970194000","58550952192","8614.53","7871.60","8131.06","7871.60","-0.15%"
"365","399403","防御100","6938.80","-529.82","-7.09%","2.38","1816985120","45809068800","7468.62","6841.92","7019.32","6841.92","-0.23%"
"366","399339","深证科技","5845.97","-450.42","-7.15%","2.48","1525557584","42785364480","6296.39","5757.63","5914.05","5757.63","-0.23%"
"367","399626","中创成长","1462.48","-112.57","-7.15%","3.03","1993836080","41627435776","1575.05","1435.16","1482.96","1435.16","-0.25%"
"368","399337","深证民营","4166.45","-320.79","-7.15%","2.93","1992285696","49867664128","4487.24","4091.12","4222.40","4091.12","-0.19%"
"369","399986","中证银行","6048.58","-465.83","-7.15%","3.44","1857216672","13624557824","6514.41","5959.75","6184.10","5959.75","-0.26%"
"370","399397","国证文化","1878.49","-145.38","-7.18%","3.56","1056691440","15954640128","2023.87","1843.47","1915.54","1843.47","-0.09%"
"371","399958","创业成长","1056.03","-81.76","-7.19%","3.51","447562896","12938037504","1137.78","1032.08","1072.00","1032.08","-0.41%"
"372","399660","中创EW","2194.08","-170.12","-7.20%","2.53","1769662592","47595584512","2364.20","2159.36","2219.27","2159.36","-0.13%"
"373","399554","央视治理","6780.52","-526.33","-7.20%","3.08","1709223264","41643789824","7306.85","6670.49","6895.60","6670.49","-0.13%"
"374","399654","深证文化","2500.82","-194.85","-7.23%","3.55","1108707536","13430176256","2695.66","2451.24","2547.02","2451.24","-0.04%"
"375","399641","深证新兴","1842.49","-144.69","-7.28%","2.66","3810632624","75497172992","1987.18","1813.38","1866.19","1813.38","-0.13%"
"376","399373","大盘价值","6923.85","-543.81","-7.28%","3.08","4026200208","45613133568","7467.66","6811.93","7041.76","6811.93","-0.12%"
"377","399553","央视回报","5662.70","-446.28","-7.31%","2.32","631884064","26938831104","6108.97","5587.90","5729.92","5587.90","-0.13%"
"378","399665","中创低波","1407.26","-111.18","-7.32%","1.49","2588635840","45508260352","1518.44","1394.36","1416.98","1394.36","-0.11%"
"379","399321","国证红利","6134.36","-485.13","-7.33%","2.84","3473220496","53844547840","6619.49","6040.84","6229.01","6040.84","-0.12%"
"380","399706","深证下游","5837.21","-461.76","-7.33%","3.01","1840628112","42953579264","6298.96","5742.79","5932.12","5742.79","-0.11%"
"381","399645","100低波","7336.59","-581.49","-7.34%","2.68","1323540912","30162875136","7918.08","7205.06","7417.12","7205.06","-0.08%"
"382","399379","国证基金","6479.26","-513.90","-7.35%","1.01","12350259200","21050867456","6993.17","6510.19","6548.62","6477.91","-0.17%"
"383","399102","创业板综","2069.76","-164.08","-7.35%","1.91","3718645504","56654462208","2233.85","2041.40","2083.97","2041.40","-0.16%"
"384","399615","深证工业","2264.84","-179.79","-7.35%","2.37","1041061088","17475166464","2444.63","2227.23","2284.91","2226.99","-0.06%"
"385","399236","批零指数","1297.36","-103.25","-7.37%","0.93","309863712","2588351024","1400.61","1295.48","1303.71","1290.63","-0.05%"
"386","399691","创业专利","2380.64","-189.68","-7.38%","2.47","218013267","7785213440","2570.32","2340.82","2404.39","2340.82","-0.14%"
"387","399346","深证成长","3579.97","-285.22","-7.38%","3.38","1641556640","41617906176","3865.20","3510.08","3640.59","3510.08","-0.20%"
"388","399372","大盘成长","3802.88","-302.94","-7.38%","2.67","2156015280","55958526464","4105.83","3742.74","3852.16","3742.74","-0.10%"
"389","399353","国证物流","2109.04","-168.41","-7.39%","2.14","656448832","7885275136","2277.45","2081.48","2129.00","2080.16","-0.06%"
"390","399808","中证新能","1505.47","-120.36","-7.40%","2.77","1070126512","19895314176","1625.83","1478.21","1523.19","1478.15","-0.27%"
"391","399018","创业创新","3444.59","-276.25","-7.42%","1.79","816075280","21218320128","3720.84","3404.23","3470.77","3404.23","-0.16%"
"392","399918","300成长","4590.36","-368.32","-7.43%","2.92","2299306704","65680205312","4958.68","4510.62","4655.46","4510.62","-0.11%"
"393","399438","国证电力","1580.04","-126.85","-7.43%","2.33","513493600","2378835152","1706.89","1572.75","1604.75","1565.05","-0.15%"
"394","399653","深证龙头","2228.26","-178.91","-7.43%","3.04","1732440336","34365812224","2407.17","2190.15","2263.41","2190.15","-0.08%"
"395","399356","珠三角","9726.06","-783.94","-7.46%","2.93","1556593760","39109748736","10509.99","9565.53","9873.07","9565.53","-0.05%"
"396","399557","央视文化","1521.01","-122.60","-7.46%","3.30","1049090336","15900609792","1643.61","1494.12","1548.31","1494.12","-0.06%"
"397","399313","巨潮100","4381.71","-353.21","-7.46%","2.70","5611324672","90990694400","4734.92","4314.73","4442.71","4314.73","-0.13%"
"398","399399","中经GDP","6638.14","-536.81","-7.48%","2.33","7189982976","105374121984","7174.95","6553.78","6720.68","6553.78","-0.13%"
"399","399552","央视成长","7303.04","-593.60","-7.52%","2.58","1361039632","43478857984","7896.63","7185.79","7389.48","7185.79","-0.08%"
"400","399971","中证传媒","1336.20","-109.22","-7.56%","3.13","956580432","10810896384","1445.42","1312.73","1357.99","1312.73","-0.02%"
"401","399016","深证创新","3101.53","-253.91","-7.57%","2.10","1459642944","42280704768","3355.45","3061.76","3132.15","3061.76","-0.07%"
"402","399608","科技100","2415.76","-197.99","-7.57%","2.26","1305839184","30431258112","2613.75","2383.32","2442.37","2383.32","-0.17%"
"403","399630","1000成长","1337.68","-110.13","-7.61%","2.82","3543933056","63341793536","1447.81","1315.36","1356.13","1315.36","-0.17%"
"404","399314","巨潮大盘","3889.75","-320.53","-7.61%","2.49","7622205696","121312858112","4210.28","3835.29","3940.01","3835.29","-0.13%"
"405","399370","国证成长","3781.23","-311.57","-7.61%","2.46","5113199104","96684707840","4092.80","3724.81","3825.55","3724.81","-0.11%"
"406","399380","国证ETF","1288.19","-106.51","-7.64%","1.10","10628315904","19385544960","1394.70","1295.51","1303.49","1288.16","-0.18%"
"407","399658","中小绩效","4034.98","-334.39","-7.65%","2.47","1785638544","34505620736","4369.36","3979.17","4087.02","3979.17","-0.05%"
"408","399350","皖江30","1581.90","-131.47","-7.67%","2.23","375254368","6737370880","1713.37","1565.42","1603.61","1565.42","0.11%"
"409","399656","100绩效","5434.80","-451.23","-7.67%","2.38","2528990448","55560111360","5886.03","5351.97","5491.85","5351.86","-0.14%"
"410","399551","央视创新","7103.05","-591.22","-7.68%","2.49","757440352","19256050176","7694.27","6993.38","7184.76","6993.12","-0.05%"
"411","399354","分析师指数","6261.10","-521.08","-7.68%","2.66","4498088448","91330088960","6782.18","6153.13","6333.61","6153.13","-0.16%"
"412","399625","中创500","1601.85","-133.61","-7.70%","2.13","5220497920","90258124800","1735.46","1581.28","1618.25","1581.28","-0.16%"
"413","399398","绩效指数","8388.84","-700.50","-7.71%","2.61","1343571088","39938426368","9089.34","8237.86","8475.22","8237.86","-0.14%"
"414","399903","中证100","3832.47","-320.75","-7.72%","2.58","5499455232","81342291968","4153.22","3778.15","3885.47","3778.15","-0.13%"
"415","399697","中关村60","3789.68","-317.38","-7.73%","2.41","774746544","8752864000","4107.05","3719.94","3818.68","3719.79","-0.05%"
"416","399352","深企综指","7655.48","-641.84","-7.74%","2.14","2059653536","40868903680","8297.32","7566.54","7743.98","7566.54","-0.08%"
"417","399312","国证300","4171.33","-350.96","-7.76%","2.35","9093472000","143067217920","4522.29","4115.72","4221.86","4115.72","-0.14%"
"418","399675","深互联网","3035.54","-255.82","-7.77%","2.78","1112404544","17106580224","3291.36","2980.26","3071.81","2980.26","0.03%"
"419","399657","300绩效","5739.91","-483.46","-7.77%","2.11","4932986112","94010277888","6223.37","5669.62","5800.97","5669.62","-0.13%"
"420","399427","专利领先","2277.76","-192.53","-7.79%","2.59","919508384","52032586240","2470.29","2237.99","2302.06","2237.99","-0.17%"
"421","399671","深防御50","7017.64","-593.52","-7.80%","2.08","876731200","21863040512","7611.16","6945.70","7103.69","6945.70","-0.27%"
"422","399663","中小低波","1233.68","-104.43","-7.80%","1.39","1299300880","18499893760","1338.11","1225.23","1243.82","1225.23","-0.07%"
"423","399416","I300","3264.83","-276.91","-7.82%","2.47","2173409984","55165104384","3541.74","3218.09","3305.67","3218.09","-0.10%"
"424","399365","国证农业","10331.07","-876.21","-7.82%","1.87","519480832","18204990976","11207.28","10207.17","10410.81","10201.11","-0.13%"
"425","399404","大盘低波","4390.08","-372.30","-7.82%","2.26","2944787648","28447643392","4762.38","4345.20","4452.72","4345.20","-0.14%"
"426","399371","国证价值","5550.40","-472.29","-7.84%","2.49","7428385280","67256257024","6022.69","5479.80","5629.52","5479.80","-0.12%"
"427","399655","深证绩效","8355.32","-710.56","-7.84%","2.45","1302019792","32808310016","9065.88","8224.63","8447.05","8224.63","-0.09%"
"428","489001","新华500R","5031.00","-428.81","-7.85%","8.98","116631749","177958789120","5459.81","4969.52","5459.81","4969.52","-0.14%"
"429","989001","新华500","3902.08","-332.59","-7.85%","8.98","116631749","177958789120","4234.67","3854.39","4234.67","3854.39","-0.14%"
"430","399400","大中盘","3186.28","-271.52","-7.85%","2.20","11420888832","174737154048","3457.80","3147.41","3223.37","3147.41","-0.14%"
"431","399004","深证100R","5535.86","-472.99","-7.87%","2.62","2528990448","55560111360","6008.85","5452.28","5609.83","5452.28","-0.13%"
"432","399330","深证100","4312.81","-368.49","-7.87%","2.62","2528990448","55560111360","4681.30","4247.69","4370.44","4247.69","-0.13%"
"433","399642","中小新兴","1594.08","-137.35","-7.93%","1.95","1740639440","30118122240","1731.43","1577.98","1611.78","1577.98","-0.09%"
"434","399357","环渤海","2621.84","-225.92","-7.93%","2.03","2697757568","20543223808","2847.76","2602.95","2660.70","2602.95","-0.15%"
"435","399300","沪深300","3685.86","-318.04","-7.94%","2.30","9212462336","136374829056","4003.90","3639.91","3732.16","3639.91","-0.13%"
"436","399311","国证1000","3659.10","-315.46","-7.94%","2.05","16604531456","223613276160","3974.56","3617.41","3698.81","3617.41","-0.13%"
"437","399374","中盘成长","3957.91","-341.28","-7.94%","2.38","1161268880","22667291136","4299.19","3902.26","4004.78","3902.26","-0.20%"
"438","399364","消费100","8251.29","-713.07","-7.95%","2.68","2624100320","57365539072","8964.36","8123.26","8363.71","8123.26","-0.11%"
"439","399652","中创高新","2573.01","-222.14","-7.95%","2.64","402994096","8694721280","2795.15","2525.60","2599.41","2525.60","-0.06%"
"440","399351","创新示范","8215.71","-710.90","-7.96%","2.00","1570317248","35542391040","8926.61","8134.03","8312.94","8134.03","-0.13%"
"441","399661","深证低波","4343.95","-375.62","-7.96%","1.35","1762995568","31812991744","4719.57","4313.98","4377.49","4313.98","-0.10%"
"442","399392","国证新兴","2067.63","-178.98","-7.97%","1.55","2982088016","59027204864","2246.61","2051.21","2085.93","2051.04","-0.10%"
"443","399050","创新引擎","2349.56","-203.47","-7.97%","2.01","1108158640","20736869888","2553.02","2334.32","2385.38","2334.17","-0.17%"
"444","399369","国证责任","1450.69","-125.69","-7.97%","2.96","2178748400","37690156288","1576.38","1429.21","1475.88","1429.21","-0.13%"
"445","399932","中证消费","14207.69","-1233.13","-7.99%","1.98","535899904","17636349952","15440.83","14005.90","14310.57","14004.72","-0.16%"
"446","399239","IT指数","1766.38","-153.35","-7.99%","2.44","1384902480","19428239616","1919.73","1737.15","1783.97","1737.15","0.01%"
"447","399002","深成指R","12055.16","-1048.94","-8.00%","2.13","4064698752","41154982912","13104.10","11907.61","12187.03","11907.61","-0.13%"
"448","399632","深100EW","4207.12","-365.63","-8.00%","2.06","2528990448","55560111360","4572.76","4152.77","4245.90","4151.87","-0.14%"
"449","399914","300金融","6058.76","-527.91","-8.01%","2.28","2816078896","35326422528","6586.67","5992.47","6142.32","5992.47","-0.14%"
"450","399344","深证300R","5050.07","-440.62","-8.02%","2.25","4932986112","94010277888","5490.69","4986.17","5109.81","4986.17","-0.14%"
"451","399007","深证300","4203.44","-366.75","-8.02%","2.25","4932986112","94010277888","4570.19","4150.25","4253.17","4150.25","-0.14%"
"452","399387","1000金融","4691.93","-408.95","-8.02%","2.24","2710745856","30846734080","5100.88","4643.08","4757.20","4643.08","-0.14%"
"453","399328","深证治理","9390.21","-820.71","-8.04%","3.06","852054608","22084363264","10210.92","9249.40","9561.96","9249.40","-0.05%"
"454","399001","深证成指","9820.95","-860.96","-8.06%","2.13","13534147840","168889524224","10681.90","9706.58","9934.35","9706.58","-0.17%"
"455","399106","深证综指","1614.33","-142.49","-8.11%","1.58","13453353216","167803846656","1756.82","1598.80","1626.50","1598.80","-0.09%"
"456","399659","深成指EW","3359.51","-296.57","-8.11%","1.43","6969033728","113665339392","3656.08","3330.65","3382.81","3330.65","-0.12%"
"457","399292","民企发展","1111.04","-98.03","-8.11%","1.06","2765343888","27778178304","1209.07","1106.03","1117.68","1104.87","-0.03%"
"458","399233","制造指数","1878.51","-165.75","-8.11%","1.54","9048870656","119107997696","2044.26","1862.62","1894.06","1862.62","-0.11%"
"459","399107","深证A指","1688.67","-149.09","-8.11%","1.58","13416826112","167595048960","1837.76","1672.45","1701.49","1672.45","-0.10%"
"460","399363","计算机指","4541.96","-401.47","-8.12%","2.57","1203716752","25992177664","4943.43","4467.96","4594.79","4467.96","-0.04%"
"461","399317","国证A指","4203.44","-371.81","-8.13%","1.66","26425631488","306146467840","4575.25","4164.47","4240.28","4164.47","-0.11%"
"462","399396","国证食品","16085.82","-1424.79","-8.14%","1.75","314665968","15430671104","17510.61","15860.06","16166.23","15860.06","-0.12%"
"463","399974","国企改革","1405.84","-124.60","-8.14%","2.03","2934048400","48916018944","1530.44","1390.19","1421.31","1390.19","-0.13%"
"464","399385","1000消费","8983.23","-796.91","-8.15%","1.81","592645376","19444537600","9780.14","8864.35","9041.51","8864.35","-0.14%"
"465","399341","深证责任","1672.55","-148.36","-8.15%","2.63","1735312112","38610431232","1820.91","1652.45","1700.37","1652.45","-0.10%"
"466","399417","新能源车","1907.65","-169.36","-8.15%","2.62","850776384","18555360768","2077.02","1878.86","1933.27","1878.86","-0.28%"
"467","399011","深证1000","4617.08","-410.43","-8.16%","1.83","9527840768","136165240832","5027.51","4568.01","4660.18","4568.01","-0.10%"
"468","399376","小盘成长","4521.60","-401.96","-8.16%","1.77","1794959216","18039821824","4923.56","4467.43","4554.51","4467.43","-0.08%"
"469","399934","中证金融","5769.66","-512.39","-8.16%","2.13","3232465504","37690776576","6282.05","5711.06","5845.16","5711.06","-0.13%"
"470","399803","工业4.0","2896.97","-258.24","-8.18%","2.26","695669360","26426710784","3155.21","2853.01","2924.19","2853.01","-0.12%"
"471","399101","中小板综","9186.95","-819.22","-8.19%","1.61","5634096384","69793779712","10006.17","9111.22","9272.64","9111.22","-0.07%"
"472","399333","中小板R","7275.59","-650.44","-8.21%","2.27","1785638544","34505620736","7926.04","7197.45","7377.56","7197.45","-0.13%"
"473","399633","深300EW","4707.63","-421.17","-8.21%","1.54","4932986112","94010277888","5128.80","4667.48","4746.48","4667.48","-0.14%"
"474","399005","中小板指","6462.60","-577.76","-8.21%","2.27","5634096384","69793779712","7040.36","6393.18","6553.17","6393.18","-0.13%"
"475","399650","中小治理","2250.58","-201.23","-8.21%","3.34","499417152","13153125120","2451.81","2210.98","2292.97","2210.98","-0.22%"
"476","399100","新指数","7386.64","-663.16","-8.24%","1.57","13318206464","167055200256","8049.80","7319.49","7446.12","7319.49","-0.08%"
"477","399690","中小专利","1734.08","-155.84","-8.25%","2.01","379867024","12498975744","1889.92","1714.75","1752.73","1714.75","-0.17%"
"478","399634","中小板EW","3342.48","-301.29","-8.27%","1.70","1785638544","34505620736","3643.77","3313.91","3375.87","3313.91","-0.10%"
"479","399670","深周期50","2806.25","-254.04","-8.30%","2.06","961099168","19508816384","3060.29","2769.47","2832.38","2769.47","-0.15%"
"480","399008","中小300","1227.74","-111.07","-8.30%","1.86","3292648512","50759588608","1338.81","1216.45","1241.38","1216.45","-0.11%"
"481","399679","深证200R","4354.44","-394.88","-8.31%","1.64","2403995568","38450164992","4749.31","4319.53","4397.19","4319.53","-0.15%"
"482","399802","500深市","4594.82","-416.54","-8.31%","1.30","3142135184","35190459648","5011.36","4568.19","4633.44","4568.19","-0.14%"
"483","399623","中小基础","6677.94","-605.45","-8.31%","1.67","4224691088","58212845056","7283.39","6623.94","6745.83","6623.94","-0.10%"
"484","399009","深证200","3889.69","-352.64","-8.31%","1.64","2404331488","38455026432","4242.33","3858.43","3927.79","3858.43","-0.15%"
"485","399017","SME创新","2741.38","-248.48","-8.31%","1.66","1185507712","28678250496","2989.86","2718.09","2767.58","2718.09","-0.08%"
"486","399683","深成可选","1565.30","-142.11","-8.32%","3.28","1172138640","13589631744","1707.41","1541.21","1594.70","1538.62","0.02%"
"487","399248","文化指数","907.94","-82.53","-8.33%","2.52","275828896","2529567616","990.47","898.77","921.99","897.07","-0.42%"
"488","399286","区块链50","2972.04","-270.59","-8.34%","1.58","546084896","9151147008","3242.63","2952.35","2999.83","2948.54","0.01%"
"489","399415","I100","4959.88","-451.08","-8.34%","1.45","1160909216","34257535744","5410.96","4900.81","4979.33","4900.81","-0.08%"
"490","399628","700成长","1606.19","-146.19","-8.34%","1.17","1439318704","15502852608","1752.38","1593.14","1613.61","1593.14","-0.01%"
"491","399972","300深市","4567.02","-415.81","-8.34%","2.51","2819662576","54878427392","4982.83","4507.28","4632.35","4507.28","-0.10%"
"492","399316","巨潮小盘","3847.57","-350.16","-8.34%","1.34","5183642368","48876124160","4197.73","3818.66","3874.93","3818.66","-0.12%"
"493","399624","中创400","1679.03","-153.03","-8.35%","1.35","3450835248","42662539520","1832.06","1665.66","1690.31","1665.66","-0.14%"
"494","399901","小康指数","4530.40","-413.40","-8.36%","1.88","3736446496","37981164800","4943.80","4480.14","4573.33","4480.14","-0.18%"
"495","399649","中小红利","2556.41","-233.26","-8.36%","2.22","673608512","10804416000","2789.67","2525.79","2587.67","2525.79","-0.08%"
"496","399359","国证基建","2176.37","-198.82","-8.37%","1.69","1398963600","11038836224","2375.19","2162.33","2202.55","2162.33","-0.14%"
"497","399320","国证服务","1731.22","-158.28","-8.38%","1.51","1417572272","11596084480","1889.50","1721.07","1748.66","1720.10","-0.17%"
"498","399705","深证中游","2339.59","-214.36","-8.39%","1.87","2026664176","38608918784","2553.95","2310.74","2358.51","2310.74","-0.13%"
"499","399411","红利100","2774.29","-254.54","-8.40%","1.73","3270704320","33410331648","3028.83","2749.28","2801.53","2749.28","-0.11%"
"500","399814","大农业","1087.53","-99.85","-8.41%","1.93","538379184","7999039232","1187.38","1072.48","1095.22","1072.28","-0.21%"
"501","399439","国证油气","1210.17","-111.17","-8.41%","2.43","395468544","1776366912","1321.34","1205.50","1235.86","1203.76","-0.06%"
"502","399602","中小成长","1102.26","-101.23","-8.41%","2.80","1469025264","24984463104","1203.49","1087.89","1121.58","1087.89","-0.19%"
"503","399904","中证200","3793.58","-348.78","-8.42%","1.71","3713007104","55032539392","4142.36","3760.38","3831.30","3760.38","-0.12%"
"504","399013","深市精选","4341.52","-399.07","-8.42%","1.92","4651505408","75972194304","4740.59","4300.49","4391.71","4300.49","-0.10%"
"505","399384","1000可选","3093.76","-284.66","-8.43%","2.64","1888002608","21666512128","3378.43","3049.45","3138.74","3049.45","-0.03%"
"506","399401","中小盘","3381.41","-312.17","-8.45%","1.34","8983904000","102325264384","3693.58","3356.94","3406.44","3356.94","-0.12%"
"507","399905","中证500","4923.44","-454.31","-8.45%","1.19","5727817472","58920884480","5377.74","4896.89","4960.75","4896.89","-0.13%"
"508","399390","1000公用","1822.34","-168.15","-8.45%","1.43","550999312","2662291280","1990.50","1814.02","1842.42","1814.02","-0.13%"
"509","399629","700价值","1854.75","-171.52","-8.46%","0.88","2087989504","15452374528","2026.26","1848.48","1862.62","1844.71","-0.08%"
"510","399982","500等权","5736.01","-531.64","-8.48%","0.93","5727817472","58920884480","6267.65","5713.28","5771.67","5713.28","-0.10%"
"511","399010","深证700","5572.15","-517.15","-8.49%","0.91","4594197760","42140941056","6089.30","5539.45","5594.64","5539.43","-0.05%"
"512","399423","中关村50","2459.94","-228.95","-8.51%","1.48","1051317376","14952021248","2688.89","2445.57","2479.05","2439.37","-0.02%"
"513","399408","小盘低波","9163.14","-852.83","-8.51%","0.78","1747712352","11197421312","10015.97","9141.56","9209.44","9131.10","-0.03%"
"514","399556","央视生态","1501.93","-139.76","-8.51%","2.01","909838704","15046399488","1641.69","1486.28","1518.16","1485.11","-0.14%"
"515","399378","国证低碳","2178.31","-202.89","-8.52%","1.43","2203294112","45133499392","2381.20","2161.65","2195.78","2161.65","-0.05%"
"516","399355","长三角","3232.83","-301.26","-8.52%","2.26","1075286816","17530246144","3534.09","3193.55","3273.49","3193.55","-0.20%"
"517","399402","周期100","2820.67","-263.12","-8.53%","1.72","2975679296","46231363840","3083.79","2789.80","2842.72","2789.80","-0.11%"
"518","971001","深成地产","1611.98","-150.39","-8.53%","9.99","2374950","3421493280","1762.37","1586.35","1762.36","1586.35","-0.11%"
"519","399358","国证环保","2821.52","-263.10","-8.53%","1.56","790452624","9605230336","3084.62","2807.09","2850.39","2802.16","-0.21%"
"520","471001","深成地产R","1963.00","-183.13","-8.53%","9.99","2374950","3421493280","2146.13","1931.78","2146.13","1931.78","-0.11%"
"521","399315","巨潮中盘","3602.12","-336.45","-8.54%","1.34","3800910768","53458385152","3938.57","3576.87","3629.70","3576.87","-0.13%"
"522","399432","国证汽车","2761.35","-257.98","-8.54%","1.99","480125376","6264192256","3019.33","2720.07","2780.22","2720.07","-0.10%"
"523","399651","中小责任","1652.83","-154.90","-8.57%","2.76","730169952","15315458304","1807.74","1631.64","1681.53","1631.64","-0.11%"
"524","399928","中证能源","1542.22","-144.77","-8.58%","2.12","615226896","3807276368","1687.00","1529.38","1565.14","1529.38","-0.15%"
"525","399668","创业板V","2503.92","-234.96","-8.58%","1.34","1081600080","11282136320","2738.89","2486.81","2521.23","2484.54","-0.07%"
"526","399433","国证交运","1509.56","-141.96","-8.60%","1.62","567455792","5726852864","1651.52","1496.10","1521.73","1494.98","-0.02%"
"527","399383","1000工业","1952.95","-183.68","-8.60%","1.50","2517295152","29897212928","2136.63","1933.34","1965.42","1933.34","-0.06%"
"528","399809","保险主题","2123.01","-199.76","-8.60%","2.60","516991424","11911863808","2322.77","2104.33","2164.61","2104.33","-0.18%"
"529","399422","中关村A","2675.77","-252.36","-8.62%","1.25","2080521728","24022564608","2928.13","2659.05","2692.25","2655.51","-0.03%"
"530","399810","CSSW传媒","2751.90","-259.79","-8.63%","2.26","554465024","6248708864","3011.69","2724.10","2792.24","2724.10","0.16%"
"531","480028","龙头家电R","12687.31","-1199.34","-8.64%","9.99","2530721","7503605248","13886.65","12513.81","13886.65","12498.98","0.01%"
"532","980028","龙头家电","9400.15","-888.60","-8.64%","9.99","2530721","7503605248","10288.75","9271.60","10288.75","9260.61","0.01%"
"533","399687","深成信息","2575.07","-243.86","-8.65%","2.15","1575457568","30452799744","2818.93","2545.43","2606.06","2545.43","-0.08%"
"534","399677","深互联EW","3608.82","-341.56","-8.65%","1.28","1112404544","17106580224","3950.39","3578.50","3629.26","3578.50","-0.03%"
"535","399610","TMT50","5477.49","-518.97","-8.65%","2.28","1409467408","25976015104","5996.46","5410.20","5546.94","5410.20","-0.10%"
"536","399382","1000材料","1947.70","-184.55","-8.66%","1.70","2827300192","21496533760","2132.25","1927.25","1963.55","1927.25","-0.23%"
"537","399970","移动互联","2661.39","-252.71","-8.67%","2.09","1347301824","40959405312","2914.09","2630.45","2691.27","2630.45","-0.16%"
"538","399701","深证F60","7465.63","-708.98","-8.67%","2.22","1943992592","32709053440","8174.61","7374.09","7555.65","7374.09","-0.03%"
"539","399324","深证红利","8935.51","-848.46","-8.67%","2.69","1320741328","21502636288","9783.97","8815.02","9077.72","8815.02","-0.03%"
"540","399232","采矿指数","1578.45","-149.93","-8.67%","1.67","161618497","1055655456","1728.38","1562.36","1591.21","1562.36","-0.08%"
"541","399620","深证信息","3884.78","-368.74","-8.67%","2.12","1573718160","30459562496","4253.52","3840.65","3930.97","3840.65","-0.08%"
"542","399644","深证时钟","3139.19","-298.28","-8.68%","2.40","1179561712","18349144064","3437.47","3098.77","3181.36","3098.77","-0.04%"
"543","980033","国产替代","7494.79","-714.03","-8.70%","9.68","7939720","25190431232","8208.82","7414.00","8208.82","7414.00","-0.14%"
"544","480033","国产替代R","7894.17","-752.08","-8.70%","9.68","7939720","25190431232","8646.25","7809.08","8646.25","7809.08","-0.14%"
"545","399395","国证有色","3305.27","-315.83","-8.72%","1.65","1259165120","9761093376","3621.11","3290.94","3344.58","3284.84","-0.42%"
"546","399303","国证2000","5712.28","-546.00","-8.72%","0.57","7579520768","67701320192","6258.28","5698.94","5724.03","5688.17","-0.03%"
"547","399348","深证价值","5878.70","-563.29","-8.74%","2.31","1914533248","23793951744","6442.00","5815.74","5964.53","5815.74","-0.03%"
"548","399696","深证创投","2192.06","-209.86","-8.74%","1.49","1226308832","17113510144","2401.92","2176.62","2209.35","2173.47","-0.15%"
"549","399944","内地资源","2017.73","-193.44","-8.75%","1.65","1586183504","10734598400","2211.17","2005.13","2041.51","2005.13","-0.32%"
"550","399241","地产指数","2265.32","-217.27","-8.75%","1.88","386385360","4140318512","2482.59","2238.35","2285.12","2238.35","-0.10%"
"551","399381","1000能源","1735.85","-166.70","-8.76%","1.88","743954288","4276077424","1902.55","1722.55","1758.38","1722.54","-0.12%"
"552","399616","深证可选","5097.87","-490.29","-8.77%","2.25","1106667088","13005062144","5588.16","5042.20","5163.19","5037.22","-0.05%"
"553","399377","小盘价值","4873.30","-468.34","-8.77%","1.17","1829569104","12807370752","5341.63","4843.94","4906.56","4843.94","-0.09%"
"554","399703","深证F200","6329.73","-608.59","-8.77%","1.77","3463029872","55581471744","6938.32","6270.68","6393.79","6270.68","-0.05%"
"555","399366","国证大宗","1691.08","-162.70","-8.78%","1.52","2917835840","18119295232","1853.77","1679.01","1707.16","1679.01","-0.18%"
"556","399418","国证国安","2774.38","-267.85","-8.80%","1.04","1768594336","26747112960","3042.22","2762.42","2787.49","2755.70","-0.04%"
"557","399680","深成能源","548.27","-52.89","-8.80%","2.68","106837297","911763152","601.16","549.16","557.50","541.39","-0.39%"
"558","399319","资源优势","1350.11","-130.39","-8.81%","1.62","2351665008","14207810304","1480.50","1342.37","1365.75","1341.77","-0.26%"
"559","399648","深证GDP","7602.14","-734.75","-8.81%","1.23","1734600592","35881111040","8336.89","7560.48","7662.81","7560.48","-0.02%"
"560","399631","1000价值","1785.63","-172.83","-8.82%","1.69","4065624656","38577434112","1958.46","1771.67","1804.72","1771.67","-0.04%"
"561","399702","深证F120","6656.68","-644.64","-8.83%","1.92","2640955632","43811635712","7301.32","6590.54","6730.37","6590.54","-0.05%"
"562","399410","苏州率先","1897.95","-184.08","-8.84%","1.34","229701135","2783258992","2082.03","1884.92","1910.75","1882.89","-0.17%"
"563","399388","1000信息","4125.87","-400.07","-8.84%","1.85","1878537392","39256374272","4525.94","4083.41","4167.20","4083.41","-0.07%"
"564","399409","小盘高贝","3624.79","-352.13","-8.85%","0.80","1477166560","13682591744","3976.93","3603.07","3634.87","3603.07","-0.03%"
"565","399693","安防产业","3435.21","-333.38","-8.85%","1.03","337595312","7384458240","3768.59","3413.35","3449.77","3410.92","-0.10%"
"566","399935","中证信息","4742.23","-460.54","-8.85%","1.84","1414543008","30197944832","5202.77","4695.93","4791.67","4695.93","-0.04%"
"567","399406","中盘低波","9114.79","-890.25","-8.90%","0.73","1627893952","12199588864","10005.04","9097.61","9171.08","9097.61","-0.10%"
"568","399436","国证煤炭","2067.49","-202.23","-8.91%","1.59","352894080","2085361600","2269.72","2044.01","2079.99","2044.01","-0.05%"
"569","399015","中小创新","1804.70","-176.81","-8.92%","0.64","2557656768","22481325824","1981.51","1799.60","1809.54","1796.83","-0.03%"
"570","399672","深红利50","3365.33","-329.83","-8.93%","1.45","644259760","15784832768","3695.16","3338.36","3392.00","3338.36","-0.07%"
"571","471002","中小地产R","1588.43","-156.29","-8.96%","9.48","936253","339349424","1744.72","1590.29","1744.72","1579.39","0.05%"
"572","971002","中小地产","1487.53","-146.36","-8.96%","9.48","936253","339349424","1633.89","1489.27","1633.89","1479.06","0.05%"
"573","399627","中创价值","1700.59","-167.38","-8.96%","1.13","2049565872","21994419712","1867.97","1692.21","1713.35","1692.21","-0.02%"
"574","480018","国证5GR","3993.37","-394.05","-8.98%","9.78","3808767","7124973312","4387.42","3958.34","4387.42","3958.34","-0.01%"
"575","980018","国证5G","3635.60","-358.75","-8.98%","9.78","3808767","7124973312","3994.35","3603.71","3994.35","3603.71","-0.01%"
"576","399813","中证国安","4926.77","-486.90","-8.99%","0.81","957374320","19498114048","5413.67","4898.63","4936.46","4892.81","-0.06%"
"577","399646","深消费50","7113.03","-703.14","-9.00%","1.94","1015708000","17707199744","7816.17","7044.84","7193.47","7042.04","-0.07%"
"578","399335","深证央企","3720.14","-368.87","-9.02%","1.25","471227776","7101566208","4089.01","3703.75","3749.70","3698.41","-0.06%"
"579","399412","国证新能","1711.27","-169.80","-9.03%","1.51","1146709888","21709545728","1881.07","1696.61","1725.08","1696.61","-0.19%"
"580","399996","智能家居","2749.87","-273.90","-9.06%","1.29","1714987104","33139887104","3023.76","2729.38","2768.42","2729.38","-0.07%"
"581","399613","深证能源","2395.05","-240.22","-9.12%","1.80","134312197","1022941744","2635.27","2401.53","2421.46","2374.10","-0.19%"
"582","399681","深成材料","752.40","-75.59","-9.13%","1.34","963171200","9613984512","827.99","746.84","757.94","746.84","-0.23%"
"583","399688","深成电信","1722.72","-173.49","-9.15%","1.75","167923839","5303834880","1896.21","1707.47","1740.58","1707.47","0.01%"
"584","399614","深证材料","2122.79","-214.05","-9.16%","1.20","1179359232","12118079232","2336.84","2108.18","2136.22","2108.18","-0.20%"
"585","399393","国证地产","5450.09","-549.27","-9.16%","1.33","602468848","7171706112","5999.35","5407.94","5487.47","5407.94","-0.07%"
"586","399108","深证B指","882.31","-89.10","-9.17%","0.73","34570175","182773476","971.41","885.69","887.45","880.39","-0.10%"
"587","399428","国证定增","2123.56","-214.45","-9.17%","0.46","998049536","12451611136","2338.01","2122.04","2128.96","2118.29","-0.03%"
"588","399992","CSWD并购","1346.66","-136.12","-9.18%","1.19","522129072","6038840320","1482.78","1338.93","1356.32","1338.61","-0.12%"
"589","399367","1000地产","5112.74","-517.29","-9.19%","1.31","632453168","7212151552","5630.03","5074.99","5148.54","5074.99","-0.07%"
"590","399666","中创高贝","1335.96","-135.18","-9.19%","0.77","1780592544","29869417472","1471.14","1329.70","1341.06","1329.70","-0.05%"
"591","399973","中证国防","1092.28","-110.58","-9.19%","0.97","218741332","4218234048","1202.86","1087.50","1095.74","1084.05","-0.04%"
"592","399967","中证军工","7323.19","-742.18","-9.20%","0.83","297348768","4777565952","8065.37","7294.19","7336.60","7269.44","-0.04%"
"593","399965","800地产","5821.91","-590.90","-9.21%","1.30","565249216","7010220288","6412.81","5780.98","5864.51","5780.98","-0.05%"
"594","399621","深证电信","3307.08","-335.37","-9.21%","1.28","194111374","5695404800","3642.45","3279.79","3326.33","3279.79","0.00%"
"595","399617","深证消费","10144.22","-1030.39","-9.22%","1.40","175918937","6178072576","11174.62","10061.13","10217.08","10061.13","-0.15%"
"596","399664","中小高贝","968.53","-98.36","-9.22%","0.69","923927872","16513321216","1066.89","964.62","971.80","964.40","-0.04%"
"597","399994","信息安全","1749.38","-177.83","-9.23%","1.03","802083216","16997420544","1927.21","1737.44","1757.36","1737.44","-0.04%"
"598","399704","深证上游","3273.79","-333.12","-9.24%","1.26","564278032","5203235328","3606.91","3260.31","3304.31","3258.70","-0.25%"
"599","399699","金融科技","3164.85","-322.30","-9.24%","1.06","459064432","15258153472","3487.15","3144.37","3181.45","3144.37","0.01%"
"600","399662","深证高贝","1729.12","-176.11","-9.24%","0.86","1534870768","31217195264","1905.23","1721.56","1737.90","1721.56","-0.04%"
"601","399997","中证白酒","7309.03","-743.68","-9.24%","0.67","52506742","9762390016","8052.71","7286.60","7336.25","7282.65","0.00%"
"602","399694","创业高贝","2493.16","-254.02","-9.25%","0.72","793143088","11808465920","2747.17","2484.35","2503.37","2483.71","-0.08%"
"603","399636","深证装备","3273.41","-333.71","-9.25%","1.29","885717920","17366339328","3607.12","3252.92","3299.48","3252.92","-0.09%"
"604","399368","国证军工","5365.61","-547.49","-9.26%","0.67","423795056","5866498304","5913.09","5352.64","5380.30","5340.50","0.00%"
"605","399604","中小价值","1386.29","-141.61","-9.27%","1.07","1047403392","12355026688","1527.90","1380.12","1396.07","1379.73","-0.04%"
"606","399434","国证传媒","1774.61","-181.68","-9.29%","1.38","627509504","4096277760","1956.30","1767.11","1792.59","1765.63","-0.23%"
"607","399639","深证大宗","1826.96","-187.53","-9.31%","1.18","818718800","5890796544","2014.49","1820.44","1839.50","1815.77","-0.03%"
"608","399407","中盘高贝","2428.42","-249.78","-9.33%","0.63","1034333808","19523899648","2678.20","2419.86","2436.50","2419.51","-0.05%"
"609","399291","创精选88","3031.99","-312.14","-9.33%","0.67","369324784","4876438528","3344.13","3019.17","3041.06","3018.61","-0.03%"
"610","399698","优势成长","16185.03","-1666.06","-9.33%","0.50","155991228","1060005952","17851.09","16175.29","16228.83","16139.03","-0.02%"
"611","399669","深证农业","8110.92","-836.36","-9.35%","1.06","331762496","7146274560","8947.28","8067.98","8161.25","8066.35","-0.11%"
"612","399389","国证通信","3709.44","-382.63","-9.35%","0.89","606260640","10115046144","4092.07","3688.27","3724.87","3688.27","0.00%"
"613","399318","国证B指","3454.16","-356.55","-9.36%","0.52","70455595","389124704","3810.71","3449.74","3466.47","3446.76","-0.02%"
"614","399637","深证地产","3809.55","-393.31","-9.36%","1.09","236444862","3370953360","4202.87","3782.63","3828.36","3782.63","-0.03%"
"615","399360","新硬件","3667.55","-379.17","-9.37%","0.54","1157819376","16592721664","4046.72","3656.52","3675.65","3653.96","-0.04%"
"616","399695","深证节能","1918.13","-199.08","-9.40%","0.67","802914640","9781282560","2117.21","1915.27","1927.26","1912.99","-0.09%"
"617","399686","深成金融","1567.22","-162.95","-9.42%","1.59","430501648","4059019136","1730.17","1557.59","1585.04","1557.59","-0.08%"
"618","399429","新丝路","995.85","-103.62","-9.42%","0.48","741118768","5813014784","1099.47","993.98","998.61","993.34","-0.01%"
"619","399619","深证金融","5011.74","-521.12","-9.42%","1.30","309563136","3491073728","5532.86","4980.63","5052.34","4980.63","-0.05%"
"620","399240","金融指数","1007.41","-104.95","-9.43%","1.53","463736400","4394102272","1112.36","1001.54","1018.54","1001.54","-0.08%"
"621","399998","中证煤炭","1070.60","-111.60","-9.44%","0.98","373952304","2191751344","1182.21","1064.56","1076.14","1064.56","-0.02%"
"622","399684","深成消费","2030.87","-212.17","-9.46%","1.08","202123373","6407166208","2243.04","2019.27","2043.41","2019.27","-0.11%"
"623","399806","环境治理","1301.58","-135.99","-9.46%","0.59","583393904","3508735664","1437.57","1302.69","1307.48","1299.04","-0.04%"
"624","399987","中证酒","4068.59","-426.51","-9.49%","0.45","83296524","10231867648","4495.11","4060.28","4079.69","4059.54","0.00%"
"625","399966","800非银","5543.03","-582.47","-9.51%","0.79","838075296","17188141824","6125.50","5527.77","5576.44","5527.77","-0.03%"
"626","399817","生态100","959.39","-100.96","-9.52%","0.75","616084640","3823323568","1060.34","958.07","965.05","957.11","-0.08%"
"627","399811","CSSW电子","3154.12","-332.60","-9.54%","1.15","1197265040","24169524736","3486.73","3141.34","3181.35","3141.34","-0.13%"
"628","399435","国证农牧","3750.30","-395.89","-9.55%","1.30","252704174","3873735776","4146.19","3732.36","3785.91","3732.11","-0.17%"
"629","399991","一带一路","1320.76","-140.14","-9.59%","0.94","2187881664","19633294592","1460.90","1316.30","1330.01","1316.30","-0.08%"
"630","399807","高铁产业","1249.37","-132.50","-9.59%","0.91","437992848","3261025568","1381.87","1246.67","1259.19","1246.67","-0.10%"
"631","399003","成份B指","5018.18","-533.18","-9.60%","0.70","34639177","183632672","5551.36","5035.21","5046.74","5007.95","-0.03%"
"632","399983","地产等权","6527.63","-694.52","-9.62%","0.84","414174576","6139341824","7222.15","6506.18","6566.95","6506.18","-0.02%"
"633","399440","国证钢铁","1006.18","-107.24","-9.63%","0.62","843110016","2317396432","1113.42","1004.34","1010.41","1003.50","-0.04%"
"634","399420","国证保证","1262.89","-134.81","-9.65%","0.76","629099264","15661080576","1397.70","1260.20","1270.76","1260.20","-0.05%"
"635","399405","大盘高贝","2125.52","-227.25","-9.66%","0.77","1120700336","26402555136","2352.77","2118.25","2136.32","2118.25","-0.05%"
"636","399638","深证环保","3089.86","-330.95","-9.67%","1.08","668563552","8141575680","3420.81","3087.54","3118.48","3081.39","-0.19%"
"637","399959","军工指数","986.20","-105.76","-9.69%","0.57","257001131","4232441840","1091.96","983.25","989.21","983.03","-0.01%"
"638","399805","互联金融","2537.88","-272.53","-9.70%","0.56","748869632","17063894272","2810.41","2532.12","2547.82","2532.12","-0.04%"
"639","399375","中盘价值","4378.98","-471.70","-9.72%","0.77","1573675120","8849424896","4850.68","4370.75","4408.32","4370.75","-0.08%"
"640","399419","国证高铁","1412.93","-152.30","-9.73%","0.71","869869312","5757059072","1565.23","1409.91","1421.05","1409.91","-0.04%"
"641","399234","水电指数","599.35","-64.84","-9.76%","0.35","205193868","897553936","664.19","598.70","600.99","598.70","-0.04%"
"642","399689","深成公用","736.26","-79.67","-9.76%","0.49","94604828","407954448","815.93","735.74","739.53","735.51","-0.06%"
"643","399242","商务指数","932.61","-101.11","-9.78%","0.76","318036112","1632745984","1033.72","930.20","937.98","930.14","-0.12%"
"644","399990","煤炭等权","1382.69","-150.28","-9.80%","0.56","373952304","2191751344","1532.97","1380.65","1389.29","1380.65","-0.01%"
"645","399622","深证公用","1373.16","-149.62","-9.83%","0.39","130409295","584412944","1522.78","1372.47","1378.39","1372.47","-0.04%"
"646","399231","农林指数","1380.80","-150.69","-9.84%","1.55","102655456","2474202432","1531.49","1378.27","1401.95","1378.27","-0.20%"
"647","399995","基建工程","3310.01","-362.37","-9.87%","0.59","731847088","3610589168","3672.38","3306.52","3328.05","3306.37","0.03%"
"648","980017","国证芯片","6927.40","-761.43","-9.90%","10.00","1398953","6960505600","7688.83","6920.00","7688.83","6920.00","-0.02%"
"649","480017","国证芯片R","7425.88","-816.21","-9.90%","10.00","1398953","6960505600","8242.09","7417.94","8242.09","7417.94","-0.02%"
"650","399238","餐饮指数","883.36","-97.75","-9.96%","0.00","3613300","14713029","981.11","883.36","883.36","883.36","0.00%"
"651","399244","公共指数","701.63","-77.76","-9.98%","0.33","142415750","847127520","779.39","701.45","703.99","701.44","-0.02%"
"652","399437","证券龙头","5152.59","-571.88","-9.99%","0.18","423514464","5754600704","5724.47","5152.59","5162.72","5152.59","0.00%"
"653","399975","证券公司","675.16","-74.93","-9.99%","0.14","541571760","6547974912","750.09","675.16","676.18","675.16","0.00%"
"654","399707","CSSW证券","5558.54","-616.76","-9.99%","0.15","487547968","5931917056","6175.30","5558.54","5568.04","5558.54","0.00%"
"655","399235","建筑指数","945.60","-105.18","-10.01%","0.09","104668800","502837568","1050.78","946.07","946.58","945.60","0.00%"
"656","399249","综企指数","651.33","-72.59","-10.03%","1.72","77994569","450569520","723.92","651.60","663.79","651.33","0.00%"
"657","395003","中小板","-","-","-","-","56340964","69793779712","649.00","-","-","-","-"
"658","395004","创业板","-","-","-","-","37180310","56646284800","281.00","-","-","-","-"
"659","395001","主板A股","-","-","-","-","40646988","41154982912","454.00","-","-","-","-"
"660","395032","债券回购","-","-","-","-","3253301","32533012992","9.00","-","-","-","-"
"661","395012","ＬＯＦｓ","-","-","-","-","9855204","875828112","78.00","-","-","-","-"
"662","395013","ＥＴＦｓ","-","-","-","-","22294168","3741804576","14.00","-","-","-","-"
"663","395022","企业债","-","-","-","-","-","-","102.00","-","-","-","-"
"664","395002","主板B股","-","-","-","-","345677","182732754","53.00","-","-","-","-"
"665","395014","分级基金","-","-","-","-","-","-","0.00","-","-","-","-"
"666","395024","公司债","-","-","-","-","-","-","0.00","-","-","-","-"
"667","395021","可转债","-","-","-","-","176381","2212754688","6.00","-","-","-","-"
"668","395005","存托凭证","-","-","-","-","-","-","0.00","-","-","-","-"
"669","395041","股票权证","-","-","-","-","-","-","0.00","-","-","-","-"
"670","395011","封闭基金","-","-","-","-","160","1418139","59.00","-","-","-","-"
"671","395031","国债","-","-","-","-","9760","98129070","212.00","-","-","-","-"
